Category;Pink Gellac Antwerpen;Pink Gellac Antwerpen;Pink Gellac Antwerpen
1/07/2024 0:00;0;0:17:44;14
1/07/2024 1:00;0;0:17:44;14,2
1/07/2024 2:00;0;0:17:44;13,7
1/07/2024 3:00;0;0:17:44;13,5
1/07/2024 4:00;0;0:17:44;12,7
1/07/2024 5:00;0;0:17:44;12,3
1/07/2024 6:00;2;0:17:44;12,4
1/07/2024 7:00;0;0:17:44;13,5
1/07/2024 8:00;1;0:17:44;15
1/07/2024 9:00;1;0:17:44;16,3
1/07/2024 10:00;53;0:17:44;16,6
1/07/2024 11:00;108;0:17:44;17,4
1/07/2024 12:00;76;0:17:44;18
1/07/2024 13:00;106;0:17:44;19,1
1/07/2024 14:00;75;0:17:44;19,5
1/07/2024 15:00;83;0:17:44;18,9
1/07/2024 16:00;88;0:17:44;18,8
1/07/2024 17:00;35;0:17:44;18,8
1/07/2024 18:00;4;0:17:44;19,5
1/07/2024 19:00;0;0:17:44;18,9
1/07/2024 20:00;0;0:17:44;18,5
1/07/2024 21:00;0;0:17:44;16,6
1/07/2024 22:00;0;0:17:44;15,8
1/07/2024 23:00;0;0:17:44;15,3
2/07/2024 0:00;0;0:18:53;15,5
2/07/2024 1:00;0;0:18:53;16,2
2/07/2024 2:00;0;0:18:53;15,8
2/07/2024 3:00;0;0:18:53;15,4
2/07/2024 4:00;0;0:18:53;14,7
2/07/2024 5:00;0;0:18:53;14,3
2/07/2024 6:00;0;0:18:53;14,4
2/07/2024 7:00;0;0:18:53;14,7
2/07/2024 8:00;0;0:18:53;14,8
2/07/2024 9:00;4;0:18:53;15,2
2/07/2024 10:00;61;0:18:53;15,9
2/07/2024 11:00;81;0:18:53;16,6
2/07/2024 12:00;55;0:18:53;17
2/07/2024 13:00;70;0:18:53;17
2/07/2024 14:00;69;0:18:53;17,1
2/07/2024 15:00;105;0:18:53;16,8
2/07/2024 16:00;57;0:18:53;17
2/07/2024 17:00;76;0:18:53;17
2/07/2024 18:00;8;0:18:53;17,1
2/07/2024 19:00;0;0:18:53;16,7
2/07/2024 20:00;0;0:18:53;16,1
2/07/2024 21:00;0;0:18:53;15,5
2/07/2024 22:00;0;0:18:53;14,8
2/07/2024 23:00;0;0:18:53;14,1
3/07/2024 0:00;0;0:24:22;13,3
3/07/2024 1:00;0;0:24:22;12,9
3/07/2024 2:00;0;0:24:22;13,1
3/07/2024 3:00;0;0:24:22;13,1
3/07/2024 4:00;0;0:24:22;13
3/07/2024 5:00;0;0:24:22;12,7
3/07/2024 6:00;0;0:24:22;13
3/07/2024 7:00;0;0:24:22;13,8
3/07/2024 8:00;0;0:24:22;13,9
3/07/2024 9:00;5;0:24:22;14
3/07/2024 10:00;60;0:24:22;13,3
3/07/2024 11:00;71;0:24:22;13,2
3/07/2024 12:00;74;0:24:22;13,9
3/07/2024 13:00;55;0:24:22;14,8
3/07/2024 14:00;80;0:24:22;15,7
3/07/2024 15:00;88;0:24:22;16,7
3/07/2024 16:00;75;0:24:22;17,4
3/07/2024 17:00;77;0:24:22;17,6
3/07/2024 18:00;6;0:24:22;17
3/07/2024 19:00;0;0:24:22;16,5
3/07/2024 20:00;0;0:24:22;15,8
3/07/2024 21:00;0;0:24:22;15,7
3/07/2024 22:00;0;0:24:22;15,7
3/07/2024 23:00;0;0:24:22;15,5
4/07/2024 0:00;0;0:18:40;15,8
4/07/2024 1:00;0;0:18:40;14,8
4/07/2024 2:00;0;0:18:40;14,6
4/07/2024 3:00;0;0:18:40;14,8
4/07/2024 4:00;0;0:18:40;15
4/07/2024 5:00;0;0:18:40;15,4
4/07/2024 6:00;0;0:18:40;15,5
4/07/2024 7:00;0;0:18:40;15,3
4/07/2024 8:00;0;0:18:40;15,2
4/07/2024 9:00;8;0:18:40;16,4
4/07/2024 10:00;62;0:18:40;16,9
4/07/2024 11:00;86;0:18:40;17,6
4/07/2024 12:00;78;0:18:40;18
4/07/2024 13:00;97;0:18:40;18,5
4/07/2024 14:00;73;0:18:40;19,1
4/07/2024 15:00;81;0:18:40;19,9
4/07/2024 16:00;79;0:18:40;20
4/07/2024 17:00;48;0:18:40;19,9
4/07/2024 18:00;6;0:18:40;19,6
4/07/2024 19:00;0;0:18:40;19
4/07/2024 20:00;0;0:18:40;17,8
4/07/2024 21:00;0;0:18:40;16,6
4/07/2024 22:00;0;0:18:40;15,7
4/07/2024 23:00;0;0:18:40;14,7
5/07/2024 0:00;0;0:21:01;14,6
5/07/2024 1:00;0;0:21:01;14,5
5/07/2024 2:00;0;0:21:01;14,2
5/07/2024 3:00;0;0:21:01;14,2
5/07/2024 4:00;0;0:21:01;14,1
5/07/2024 5:00;0;0:21:01;14,1
5/07/2024 6:00;0;0:21:01;14,2
5/07/2024 7:00;0;0:21:01;14,6
5/07/2024 8:00;0;0:21:01;15,3
5/07/2024 9:00;26;0:21:01;15,7
5/07/2024 10:00;31;0:21:01;15,6
5/07/2024 11:00;88;0:21:01;15,3
5/07/2024 12:00;65;0:21:01;15,3
5/07/2024 13:00;56;0:21:01;15,7
5/07/2024 14:00;76;0:21:01;15,9
5/07/2024 15:00;77;0:21:01;16,3
5/07/2024 16:00;83;0:21:01;16,7
5/07/2024 17:00;46;0:21:01;18
5/07/2024 18:00;8;0:21:01;19
5/07/2024 19:00;0;0:21:01;19,5
5/07/2024 20:00;0;0:21:01;19,6
5/07/2024 21:00;0;0:21:01;19,2
5/07/2024 22:00;0;0:21:01;18,2
5/07/2024 23:00;0;0:21:01;17,9
6/07/2024 0:00;0;0:18:35;17,4
6/07/2024 1:00;0;0:18:35;16,5
6/07/2024 2:00;0;0:18:35;16,3
6/07/2024 3:00;0;0:18:35;16
6/07/2024 4:00;0;0:18:35;16,2
6/07/2024 5:00;0;0:18:35;16,3
6/07/2024 6:00;0;0:18:35;16,5
6/07/2024 7:00;0;0:18:35;17,9
6/07/2024 8:00;0;0:18:35;18,4
6/07/2024 9:00;2;0:18:35;19,1
6/07/2024 10:00;63;0:18:35;18,1
6/07/2024 11:00;89;0:18:35;16,7
6/07/2024 12:00;126;0:18:35;18,7
6/07/2024 13:00;156;0:18:35;19,5
6/07/2024 14:00;148;0:18:35;19,6
6/07/2024 15:00;162;0:18:35;18,9
6/07/2024 16:00;109;0:18:35;19
6/07/2024 17:00;97;0:18:35;19,1
6/07/2024 18:00;11;0:18:35;18,4
6/07/2024 19:00;0;0:18:35;17,9
6/07/2024 20:00;0;0:18:35;15,2
6/07/2024 21:00;0;0:18:35;14,5
6/07/2024 22:00;0;0:18:35;14,2
6/07/2024 23:00;0;0:18:35;14,3
7/07/2024 0:00;0;0:19:08;13,9
7/07/2024 1:00;0;0:19:08;13,5
7/07/2024 2:00;0;0:19:08;12,9
7/07/2024 3:00;0;0:19:08;12,3
7/07/2024 4:00;0;0:19:08;11,9
7/07/2024 5:00;0;0:19:08;11
7/07/2024 6:00;0;0:19:08;11,2
7/07/2024 7:00;0;0:19:08;12,7
7/07/2024 8:00;0;0:19:08;14,3
7/07/2024 9:00;0;0:19:08;15,5
7/07/2024 10:00;0;0:19:08;17
7/07/2024 11:00;2;0:19:08;17,9
7/07/2024 12:00;79;0:19:08;18,5
7/07/2024 13:00;127;0:19:08;18,6
7/07/2024 14:00;140;0:19:08;19,1
7/07/2024 15:00;142;0:19:08;19,2
7/07/2024 16:00;128;0:19:08;18,9
7/07/2024 17:00;82;0:19:08;18,6
7/07/2024 18:00;3;0:19:08;18,7
7/07/2024 19:00;0;0:19:08;18,9
7/07/2024 20:00;0;0:19:08;17,3
7/07/2024 21:00;0;0:19:08;15,7
7/07/2024 22:00;0;0:19:08;15,4
7/07/2024 23:00;0;0:19:08;14,6
8/07/2024 0:00;0;0:21:12;13,5
8/07/2024 1:00;0;0:21:12;13,1
8/07/2024 2:00;0;0:21:12;12,7
8/07/2024 3:00;0;0:21:12;12,6
8/07/2024 4:00;0;0:21:12;13
8/07/2024 5:00;0;0:21:12;13,2
8/07/2024 6:00;0;0:21:12;13,4
8/07/2024 7:00;2;0:21:12;14,4
8/07/2024 8:00;0;0:21:12;15,9
8/07/2024 9:00;0;0:21:12;17,6
8/07/2024 10:00;41;0:21:12;18,6
8/07/2024 11:00;59;0:21:12;19,5
8/07/2024 12:00;54;0:21:12;20
8/07/2024 13:00;61;0:21:12;20,9
8/07/2024 14:00;84;0:21:12;21,1
8/07/2024 15:00;60;0:21:12;21,2
8/07/2024 16:00;69;0:21:12;21,2
8/07/2024 17:00;50;0:21:12;21,4
8/07/2024 18:00;7;0:21:12;20,6
8/07/2024 19:00;0;0:21:12;20,3
8/07/2024 20:00;0;0:21:12;19,1
8/07/2024 21:00;0;0:21:12;18,8
8/07/2024 22:00;0;0:21:12;18,2
8/07/2024 23:00;0;0:21:12;17,9
9/07/2024 0:00;0;0:20:10;17,8
9/07/2024 1:00;0;0:20:10;17,6
9/07/2024 2:00;0;0:20:10;17,2
9/07/2024 3:00;0;0:20:10;16,5
9/07/2024 4:00;0;0:20:10;16,5
9/07/2024 5:00;0;0:20:10;16,2
9/07/2024 6:00;0;0:20:10;15,8
9/07/2024 7:00;0;0:20:10;17,4
9/07/2024 8:00;0;0:20:10;19,1
9/07/2024 9:00;2;0:20:10;20,5
9/07/2024 10:00;45;0:20:10;22,7
9/07/2024 11:00;63;0:20:10;24,9
9/07/2024 12:00;66;0:20:10;27
9/07/2024 13:00;79;0:20:10;28
9/07/2024 14:00;131;0:20:10;28,6
9/07/2024 15:00;67;0:20:10;29,1
9/07/2024 16:00;76;0:20:10;27,6
9/07/2024 17:00;54;0:20:10;24,2
9/07/2024 18:00;8;0:20:10;17,9
9/07/2024 19:00;0;0:20:10;17,8
9/07/2024 20:00;0;0:20:10;17,9
9/07/2024 21:00;0;0:20:10;18
9/07/2024 22:00;0;0:20:10;18,2
9/07/2024 23:00;0;0:20:10;17,9
10/07/2024 0:00;0;0:19:10;17,4
10/07/2024 1:00;0;0:19:10;17,3
10/07/2024 2:00;0;0:19:10;16,9
10/07/2024 3:00;0;0:19:10;16,7
10/07/2024 4:00;0;0:19:10;16,8
10/07/2024 5:00;0;0:19:10;16,8
10/07/2024 6:00;0;0:19:10;17
10/07/2024 7:00;0;0:19:10;17,8
10/07/2024 8:00;0;0:19:10;18,8
10/07/2024 9:00;12;0:19:10;20,1
10/07/2024 10:00;95;0:19:10;20,8
10/07/2024 11:00;85;0:19:10;21,3
10/07/2024 12:00;57;0:19:10;21
10/07/2024 13:00;78;0:19:10;22,3
10/07/2024 14:00;91;0:19:10;23
10/07/2024 15:00;87;0:19:10;22,9
10/07/2024 16:00;68;0:19:10;23,1
10/07/2024 17:00;74;0:19:10;23
10/07/2024 18:00;5;0:19:10;22,8
10/07/2024 19:00;0;0:19:10;22,5
10/07/2024 20:00;0;0:19:10;22
10/07/2024 21:00;0;0:19:10;20,3
10/07/2024 22:00;0;0:19:10;18,5
10/07/2024 23:00;0;0:19:10;18,4
11/07/2024 0:00;0;0:19:43;17,3
11/07/2024 1:00;0;0:19:43;16,4
11/07/2024 2:00;0;0:19:43;15,8
11/07/2024 3:00;0;0:19:43;15,4
11/07/2024 4:00;0;0:19:43;15,3
11/07/2024 5:00;0;0:19:43;14,9
11/07/2024 6:00;0;0:19:43;14,6
11/07/2024 7:00;0;0:19:43;15,2
11/07/2024 8:00;0;0:19:43;16,5
11/07/2024 9:00;3;0:19:43;17,7
11/07/2024 10:00;54;0:19:43;18,4
11/07/2024 11:00;66;0:19:43;19,4
11/07/2024 12:00;95;0:19:43;20,1
11/07/2024 13:00;99;0:19:43;21,1
11/07/2024 14:00;92;0:19:43;21,8
11/07/2024 15:00;121;0:19:43;22,1
11/07/2024 16:00;67;0:19:43;21,8
11/07/2024 17:00;65;0:19:43;22,1
11/07/2024 18:00;3;0:19:43;21,4
11/07/2024 19:00;0;0:19:43;21,2
11/07/2024 20:00;0;0:19:43;19,1
11/07/2024 21:00;0;0:19:43;17,9
11/07/2024 22:00;0;0:19:43;16,6
11/07/2024 23:00;0;0:19:43;15,8
12/07/2024 0:00;0;0:21:11;15,6
12/07/2024 1:00;0;0:21:11;15,5
12/07/2024 2:00;0;0:21:11;15,4
12/07/2024 3:00;0;0:21:11;15,2
12/07/2024 4:00;0;0:21:11;14,9
12/07/2024 5:00;0;0:21:11;15
12/07/2024 6:00;0;0:21:11;14,8
12/07/2024 7:00;0;0:21:11;14,7
12/07/2024 8:00;0;0:21:11;14,7
12/07/2024 9:00;4;0:21:11;14,8
12/07/2024 10:00;23;0:21:11;14,6
12/07/2024 11:00;44;0:21:11;14,7
12/07/2024 12:00;49;0:21:11;14,7
12/07/2024 13:00;36;0:21:11;15
12/07/2024 14:00;48;0:21:11;15,3
12/07/2024 15:00;55;0:21:11;15
12/07/2024 16:00;43;0:21:11;15,2
12/07/2024 17:00;46;0:21:11;15,2
12/07/2024 18:00;6;0:21:11;15,3
12/07/2024 19:00;0;0:21:11;15,1
12/07/2024 20:00;0;0:21:11;14,6
12/07/2024 21:00;0;0:21:11;14
12/07/2024 22:00;0;0:21:11;13,6
12/07/2024 23:00;0;0:21:11;13,5
13/07/2024 0:00;0;0:20:50;13,3
13/07/2024 1:00;0;0:20:50;12,9
13/07/2024 2:00;0;0:20:50;12,6
13/07/2024 3:00;0;0:20:50;12,5
13/07/2024 4:00;0;0:20:50;12,6
13/07/2024 5:00;0;0:20:50;12,7
13/07/2024 6:00;0;0:20:50;12,8
13/07/2024 7:00;0;0:20:50;12,9
13/07/2024 8:00;0;0:20:50;13,8
13/07/2024 9:00;2;0:20:50;14,2
13/07/2024 10:00;56;0:20:50;15
13/07/2024 11:00;96;0:20:50;16
13/07/2024 12:00;128;0:20:50;15,6
13/07/2024 13:00;131;0:20:50;16,2
13/07/2024 14:00;152;0:20:50;17,1
13/07/2024 15:00;150;0:20:50;17
13/07/2024 16:00;135;0:20:50;17,9
13/07/2024 17:00;110;0:20:50;17,7
13/07/2024 18:00;11;0:20:50;17,7
13/07/2024 19:00;0;0:20:50;17,5
13/07/2024 20:00;0;0:20:50;17,1
13/07/2024 21:00;0;0:20:50;15,5
13/07/2024 22:00;0;0:20:50;13,6
13/07/2024 23:00;0;0:20:50;12,7
14/07/2024 0:00;0;0:18:09;12
14/07/2024 1:00;0;0:18:09;11,5
14/07/2024 2:00;0;0:18:09;11,3
14/07/2024 3:00;0;0:18:09;11,1
14/07/2024 4:00;0;0:18:09;10,9
14/07/2024 5:00;0;0:00:00;11,6
14/07/2024 6:00;0;0:00:00;12,3
14/07/2024 7:00;0;0:00:00;13,8
14/07/2024 8:00;0;0:00:00;16,1
14/07/2024 9:00;0;0:00:00;17,9
14/07/2024 10:00;0;0:00:00;19
14/07/2024 11:00;0;0:00:00;19,9
14/07/2024 12:00;0;0:00:00;20,7
14/07/2024 13:00;0;0:00:00;21,6
14/07/2024 14:00;0;0:00:00;21,5
14/07/2024 15:00;0;0:18:09;21,7
14/07/2024 16:00;0;0:18:09;21,6
14/07/2024 17:00;0;0:18:09;21,6
14/07/2024 18:00;0;0:18:09;21,5
14/07/2024 19:00;0;0:18:09;21,4
14/07/2024 20:00;0;0:18:09;20,2
14/07/2024 21:00;0;0:18:09;18,2
14/07/2024 22:00;0;0:18:09;16,1
14/07/2024 23:00;0;0:18:09;15,1
15/07/2024 0:00;0;0:24:44;14,6
15/07/2024 1:00;0;0:24:44;14,1
15/07/2024 2:00;0;0:24:44;13,2
15/07/2024 3:00;0;0:24:44;12,7
15/07/2024 4:00;0;0:24:44;12,2
15/07/2024 5:00;0;0:24:44;12,2
15/07/2024 6:00;0;0:24:44;12,7
15/07/2024 7:00;2;0:24:44;15,1
15/07/2024 8:00;0;0:24:44;18,6
15/07/2024 9:00;3;0:24:44;21
15/07/2024 10:00;48;0:24:44;22,3
15/07/2024 11:00;55;0:24:44;23,6
15/07/2024 12:00;60;0:24:44;24,3
15/07/2024 13:00;72;0:24:44;24,9
15/07/2024 14:00;87;0:24:44;25,4
15/07/2024 15:00;92;0:24:44;25,4
15/07/2024 16:00;67;0:24:44;25,3
15/07/2024 17:00;59;0:24:44;24,4
15/07/2024 18:00;7;0:24:44;23,1
15/07/2024 19:00;0;0:24:44;21,7
15/07/2024 20:00;0;0:24:44;20,9
15/07/2024 21:00;0;0:24:44;19,2
15/07/2024 22:00;0;0:24:44;17,9
15/07/2024 23:00;0;0:24:44;17,6
16/07/2024 0:00;0;0:20:38;17,8
16/07/2024 1:00;0;0:20:38;18,4
16/07/2024 2:00;0;0:20:38;17,8
16/07/2024 3:00;0;0:20:38;17,4
16/07/2024 4:00;0;0:20:38;16,4
16/07/2024 5:00;0;0:20:38;15,7
16/07/2024 6:00;0;0:20:38;15,7
16/07/2024 7:00;0;0:20:38;16,6
16/07/2024 8:00;0;0:20:38;17,9
16/07/2024 9:00;2;0:20:38;18,1
16/07/2024 10:00;54;0:20:38;18,4
16/07/2024 11:00;80;0:20:38;19,3
16/07/2024 12:00;67;0:20:38;19,3
16/07/2024 13:00;58;0:20:38;17,2
16/07/2024 14:00;74;0:20:38;17,8
16/07/2024 15:00;69;0:20:38;19,3
16/07/2024 16:00;66;0:20:38;19,7
16/07/2024 17:00;44;0:20:38;20
16/07/2024 18:00;9;0:20:38;19,7
16/07/2024 19:00;0;0:20:38;19,3
16/07/2024 20:00;0;0:20:38;18,5
16/07/2024 21:00;0;0:20:38;17,6
16/07/2024 22:00;0;0:20:38;17,5
16/07/2024 23:00;0;0:20:38;17,1
17/07/2024 0:00;0;0:22:50;17,1
17/07/2024 1:00;0;0:22:50;16,8
17/07/2024 2:00;0;0:22:50;16,2
17/07/2024 3:00;0;0:22:50;15,9
17/07/2024 4:00;0;0:22:50;15,8
17/07/2024 5:00;0;0:22:50;15,7
17/07/2024 6:00;0;0:22:50;16,1
17/07/2024 7:00;0;0:22:50;16,6
17/07/2024 8:00;0;0:22:50;17,6
17/07/2024 9:00;3;0:22:50;19,1
17/07/2024 10:00;54;0:22:50;20,2
17/07/2024 11:00;62;0:22:50;21,3
17/07/2024 12:00;82;0:22:50;21,7
17/07/2024 13:00;62;0:22:50;22,7
17/07/2024 14:00;86;0:22:50;23,4
17/07/2024 15:00;94;0:22:50;23,1
17/07/2024 16:00;60;0:22:50;23,3
17/07/2024 17:00;68;0:22:50;22,9
17/07/2024 18:00;3;0:22:50;22,9
17/07/2024 19:00;0;0:22:50;22
17/07/2024 20:00;0;0:22:50;20,7
17/07/2024 21:00;0;0:22:50;19,4
17/07/2024 22:00;0;0:22:50;17,6
17/07/2024 23:00;0;0:22:50;16,8
18/07/2024 0:00;0;0:17:52;16
18/07/2024 1:00;0;0:17:52;15,2
18/07/2024 2:00;0;0:17:52;14,9
18/07/2024 3:00;0;0:17:52;14,6
18/07/2024 4:00;0;0:17:52;13,9
18/07/2024 5:00;0;0:17:52;13,6
18/07/2024 6:00;0;0:17:52;14,5
18/07/2024 7:00;0;0:17:52;15,8
18/07/2024 8:00;0;0:17:52;18,6
18/07/2024 9:00;2;0:17:52;21,7
18/07/2024 10:00;60;0:17:52;23,8
18/07/2024 11:00;65;0:17:52;25
18/07/2024 12:00;69;0:17:52;25,9
18/07/2024 13:00;68;0:17:52;26,9
18/07/2024 14:00;67;0:17:52;27,1
18/07/2024 15:00;67;0:17:52;27,8
18/07/2024 16:00;54;0:17:52;28
18/07/2024 17:00;75;0:17:52;28
18/07/2024 18:00;4;0:17:52;27,6
18/07/2024 19:00;0;0:17:52;26,3
18/07/2024 20:00;0;0:17:52;24,9
18/07/2024 21:00;0;0:17:52;23,3
18/07/2024 22:00;0;0:17:52;21,7
18/07/2024 23:00;0;0:17:52;21,2
19/07/2024 0:00;0;0:18:48;20,6
19/07/2024 1:00;0;0:18:48;20,7
19/07/2024 2:00;0;0:18:48;20,2
19/07/2024 3:00;0;0:18:48;19,6
19/07/2024 4:00;0;0:18:48;19,2
19/07/2024 5:00;0;0:18:48;19,1
19/07/2024 6:00;0;0:18:48;19,2
19/07/2024 7:00;0;0:18:48;19,6
19/07/2024 8:00;0;0:18:48;20,8
19/07/2024 9:00;10;0:18:48;22,9
19/07/2024 10:00;40;0:18:48;24,8
19/07/2024 11:00;25;0:18:48;26,3
19/07/2024 12:00;49;0:18:48;27,4
19/07/2024 13:00;46;0:18:48;28,9
19/07/2024 14:00;26;0:18:48;29,8
19/07/2024 15:00;33;0:18:48;30,2
19/07/2024 16:00;45;0:18:48;30
19/07/2024 17:00;30;0:18:48;30
19/07/2024 18:00;3;0:18:48;29,5
19/07/2024 19:00;0;0:18:48;29
19/07/2024 20:00;0;0:18:48;27,3
19/07/2024 21:00;0;0:18:48;25,6
19/07/2024 22:00;0;0:18:48;24,1
19/07/2024 23:00;0;0:18:48;22,7
20/07/2024 0:00;0;0:19:49;21,9
20/07/2024 1:00;0;0:19:49;20,8
20/07/2024 2:00;0;0:19:49;20,3
20/07/2024 3:00;0;0:19:49;19,6
20/07/2024 4:00;0;0:19:49;18,9
20/07/2024 5:00;0;0:19:49;18,8
20/07/2024 6:00;0;0:19:49;18,5
20/07/2024 7:00;0;0:19:49;20,4
20/07/2024 8:00;0;0:19:49;22,8
20/07/2024 9:00;2;0:19:49;25,2
20/07/2024 10:00;26;0:19:49;26,5
20/07/2024 11:00;65;0:19:49;28,1
20/07/2024 12:00;61;0:19:49;28,8
20/07/2024 13:00;75;0:19:49;29,8
20/07/2024 14:00;53;0:19:49;30,5
20/07/2024 15:00;77;0:19:49;30,5
20/07/2024 16:00;71;0:19:49;30,9
20/07/2024 17:00;35;0:19:49;30,6
20/07/2024 18:00;8;0:19:49;29,9
20/07/2024 19:00;0;0:19:49;27,9
20/07/2024 20:00;0;0:19:49;27
20/07/2024 21:00;0;0:19:49;24,7
20/07/2024 22:00;0;0:19:49;23,9
20/07/2024 23:00;0;0:19:49;22,9
21/07/2024 0:00;0;0:14:44;21,5
21/07/2024 1:00;0;0:14:44;21,6
21/07/2024 2:00;0;0:14:44;21,3
21/07/2024 3:00;0;0:14:44;21,2
21/07/2024 4:00;0;0:14:44;21,2
21/07/2024 5:00;0;0:14:44;20,7
21/07/2024 6:00;0;0:14:44;21,1
21/07/2024 7:00;0;0:14:44;20,4
21/07/2024 8:00;0;0:14:44;20,9
21/07/2024 9:00;0;0:14:44;21
21/07/2024 10:00;0;0:14:44;22
21/07/2024 11:00;0;0:14:44;21,9
21/07/2024 12:00;0;0:14:44;22,3
21/07/2024 13:00;0;0:14:44;22,3
21/07/2024 14:00;0;0:14:44;22,6
21/07/2024 15:00;0;0:14:44;22,9
21/07/2024 16:00;0;0:14:44;23,6
21/07/2024 17:00;0;0:14:44;23,5
21/07/2024 18:00;0;0:14:44;23
21/07/2024 19:00;0;0:14:44;22,5
21/07/2024 20:00;0;0:14:44;21,2
21/07/2024 21:00;0;0:14:44;19,8
21/07/2024 22:00;0;0:14:44;19,2
21/07/2024 23:00;0;0:14:44;18,7
22/07/2024 0:00;0;0:20:24;18,5
22/07/2024 1:00;0;0:20:24;17,9
22/07/2024 2:00;0;0:20:24;17,4
22/07/2024 3:00;0;0:20:24;17,4
22/07/2024 4:00;0;0:20:24;17,3
22/07/2024 5:00;0;0:20:24;17,4
22/07/2024 6:00;0;0:20:24;17
22/07/2024 7:00;2;0:20:24;17
22/07/2024 8:00;1;0:20:24;17,9
22/07/2024 9:00;6;0:20:24;18,8
22/07/2024 10:00;39;0:20:24;19,9
22/07/2024 11:00;63;0:20:24;21,1
22/07/2024 12:00;63;0:20:24;21,7
22/07/2024 13:00;96;0:20:24;22,1
22/07/2024 14:00;71;0:20:24;23,2
22/07/2024 15:00;97;0:20:24;23,7
22/07/2024 16:00;81;0:20:24;24,2
22/07/2024 17:00;56;0:20:24;24,2
22/07/2024 18:00;6;0:20:24;23,8
22/07/2024 19:00;0;0:20:24;23,1
22/07/2024 20:00;0;0:20:24;22,9
22/07/2024 21:00;0;0:20:24;22,6
22/07/2024 22:00;0;0:20:24;21,5
22/07/2024 23:00;0;0:20:24;20,6
23/07/2024 0:00;0;0:20:04;20
23/07/2024 1:00;0;0:20:04;19,6
23/07/2024 2:00;0;0:20:04;19,3
23/07/2024 3:00;0;0:20:04;18,9
23/07/2024 4:00;0;0:20:04;18,7
23/07/2024 5:00;0;0:20:04;18,5
23/07/2024 6:00;0;0:20:04;18,1
23/07/2024 7:00;0;0:20:04;18,2
23/07/2024 8:00;0;0:20:04;18,8
23/07/2024 9:00;3;0:20:04;19
23/07/2024 10:00;48;0:20:04;19,8
23/07/2024 11:00;69;0:20:04;21
23/07/2024 12:00;64;0:20:04;21,5
23/07/2024 13:00;65;0:20:04;21,5
23/07/2024 14:00;77;0:20:04;21,8
23/07/2024 15:00;93;0:20:04;20,8
23/07/2024 16:00;49;0:20:04;19,2
23/07/2024 17:00;23;0:20:04;18
23/07/2024 18:00;3;0:20:04;18
23/07/2024 19:00;0;0:20:04;18,2
23/07/2024 20:00;0;0:20:04;17,7
23/07/2024 21:00;0;0:20:04;17,3
23/07/2024 22:00;0;0:20:04;16,9
23/07/2024 23:00;0;0:20:04;16,8
24/07/2024 0:00;0;0:19:00;16,7
24/07/2024 1:00;0;0:19:00;16,5
24/07/2024 2:00;0;0:19:00;15,9
24/07/2024 3:00;0;0:19:00;15,4
24/07/2024 4:00;0;0:19:00;15,3
24/07/2024 5:00;0;0:19:00;15,1
24/07/2024 6:00;0;0:19:00;15,2
24/07/2024 7:00;0;0:19:00;15,5
24/07/2024 8:00;0;0:19:00;16,6
24/07/2024 9:00;4;0:19:00;17,5
24/07/2024 10:00;70;0:19:00;18,5
24/07/2024 11:00;65;0:19:00;20,1
24/07/2024 12:00;81;0:19:00;20,6
24/07/2024 13:00;59;0:19:00;21,6
24/07/2024 14:00;77;0:19:00;22,4
24/07/2024 15:00;118;0:19:00;23,1
24/07/2024 16:00;82;0:19:00;23,1
24/07/2024 17:00;54;0:19:00;23,3
24/07/2024 18:00;4;0:19:00;22,5
24/07/2024 19:00;0;0:19:00;21,9
24/07/2024 20:00;0;0:19:00;21,1
24/07/2024 21:00;0;0:19:00;19,1
24/07/2024 22:00;0;0:19:00;17,6
24/07/2024 23:00;0;0:19:00;16,6
25/07/2024 0:00;0;0:21:00;16,2
25/07/2024 1:00;0;0:21:00;16,5
25/07/2024 2:00;0;0:21:00;16,2
25/07/2024 3:00;0;0:21:00;16
25/07/2024 4:00;0;0:21:00;15,4
25/07/2024 5:00;0;0:21:00;15,6
25/07/2024 6:00;0;0:21:00;15,8
25/07/2024 7:00;0;0:21:00;16,9
25/07/2024 8:00;0;0:21:00;18,3
25/07/2024 9:00;3;0:21:00;19,4
25/07/2024 10:00;26;0:21:00;20,1
25/07/2024 11:00;70;0:21:00;22,1
25/07/2024 12:00;65;0:21:00;23
25/07/2024 13:00;80;0:21:00;23,7
25/07/2024 14:00;97;0:21:00;24,5
25/07/2024 15:00;70;0:21:00;24,5
25/07/2024 16:00;85;0:21:00;24,6
25/07/2024 17:00;56;0:21:00;24,2
25/07/2024 18:00;3;0:21:00;23,8
25/07/2024 19:00;0;0:21:00;21,7
25/07/2024 20:00;0;0:21:00;21
25/07/2024 21:00;0;0:21:00;20,5
25/07/2024 22:00;0;0:21:00;19,9
25/07/2024 23:00;0;0:21:00;19,3
26/07/2024 0:00;0;0:21:44;18,9
26/07/2024 1:00;0;0:21:44;18,8
26/07/2024 2:00;0;0:21:44;18,8
26/07/2024 3:00;0;0:21:44;18,6
26/07/2024 4:00;0;0:21:44;18,7
26/07/2024 5:00;0;0:21:44;18,5
26/07/2024 6:00;0;0:21:44;18
26/07/2024 7:00;0;0:21:44;18
26/07/2024 8:00;0;0:21:44;18,5
26/07/2024 9:00;4;0:21:44;18,6
26/07/2024 10:00;34;0:21:44;19,1
26/07/2024 11:00;64;0:21:44;20,4
26/07/2024 12:00;46;0:21:44;21,2
26/07/2024 13:00;50;0:21:44;22,5
26/07/2024 14:00;62;0:21:44;23
26/07/2024 15:00;57;0:21:44;23,2
26/07/2024 16:00;62;0:21:44;23,6
26/07/2024 17:00;68;0:21:44;23,1
26/07/2024 18:00;7;0:21:44;22,1
26/07/2024 19:00;0;0:21:44;21,8
26/07/2024 20:00;0;0:21:44;20,5
26/07/2024 21:00;0;0:21:44;20,1
26/07/2024 22:00;0;0:21:44;19
26/07/2024 23:00;0;0:21:44;18,4
27/07/2024 0:00;0;0:22:37;18,1
27/07/2024 1:00;0;0:22:37;17,8
27/07/2024 2:00;0;0:22:37;17,4
27/07/2024 3:00;0;0:22:37;16,5
27/07/2024 4:00;0;0:22:37;16,3
27/07/2024 5:00;0;0:22:37;15,7
27/07/2024 6:00;0;0:22:37;16
27/07/2024 7:00;0;0:22:37;16,2
27/07/2024 8:00;0;0:22:37;17,2
27/07/2024 9:00;6;0:22:37;18,6
27/07/2024 10:00;41;0:22:37;20,1
27/07/2024 11:00;68;0:22:37;20,5
27/07/2024 12:00;94;0:22:37;21,1
27/07/2024 13:00;83;0:22:37;21,8
27/07/2024 14:00;115;0:22:37;22
27/07/2024 15:00;115;0:22:37;21,7
27/07/2024 16:00;89;0:22:37;21,5
27/07/2024 17:00;87;0:22:37;22
27/07/2024 18:00;5;0:22:37;21,4
27/07/2024 19:00;0;0:22:37;21,2
27/07/2024 20:00;0;0:22:37;20,7
27/07/2024 21:00;0;0:22:37;18,9
27/07/2024 22:00;0;0:22:37;17,7
27/07/2024 23:00;0;0:22:37;16,5
28/07/2024 0:00;0;0:18:07;16,2
28/07/2024 1:00;0;0:18:07;15,4
28/07/2024 2:00;0;0:18:07;15,1
28/07/2024 3:00;0;0:18:07;14,5
28/07/2024 4:00;0;0:18:07;14
28/07/2024 5:00;0;0:18:07;13,2
28/07/2024 6:00;0;0:18:07;12,9
28/07/2024 7:00;0;0:18:07;14,5
28/07/2024 8:00;0;0:18:07;16,8
28/07/2024 9:00;0;0:18:07;19,5
28/07/2024 10:00;0;0:18:07;20,9
28/07/2024 11:00;0;0:18:07;21,9
28/07/2024 12:00;0;0:18:07;22,5
28/07/2024 13:00;0;0:18:07;23,2
28/07/2024 14:00;0;0:18:07;23,5
28/07/2024 15:00;8;0:18:07;24,1
28/07/2024 16:00;0;0:18:07;24,4
28/07/2024 17:00;0;0:18:07;24,2
28/07/2024 18:00;0;0:18:07;23,8
28/07/2024 19:00;0;0:18:07;23,6
28/07/2024 20:00;0;0:18:07;22,2
28/07/2024 21:00;0;0:18:07;20,8
28/07/2024 22:00;0;0:18:07;19
28/07/2024 23:00;0;0:18:07;18,1
29/07/2024 0:00;0;0:20:53;16,9
29/07/2024 1:00;0;0:20:53;16,4
29/07/2024 2:00;0;0:20:53;15,8
29/07/2024 3:00;0;0:20:53;14,9
29/07/2024 4:00;0;0:20:53;14,7
29/07/2024 5:00;0;0:20:53;13,7
29/07/2024 6:00;0;0:20:53;13,3
29/07/2024 7:00;0;0:20:53;15,4
29/07/2024 8:00;0;0:20:53;17,9
29/07/2024 9:00;3;0:20:53;20,8
29/07/2024 10:00;36;0:20:53;23
29/07/2024 11:00;59;0:20:53;24,3
29/07/2024 12:00;61;0:20:53;24,9
29/07/2024 13:00;62;0:20:53;25,9
29/07/2024 14:00;77;0:20:53;26,6
29/07/2024 15:00;46;0:20:53;27
29/07/2024 16:00;62;0:20:53;27,7
29/07/2024 17:00;30;0:20:53;27,9
29/07/2024 18:00;7;0:20:53;28,2
29/07/2024 19:00;0;0:20:53;27,7
29/07/2024 20:00;0;0:20:53;26,1
29/07/2024 21:00;0;0:20:53;24,3
29/07/2024 22:00;0;0:20:53;22,2
29/07/2024 23:00;0;0:20:53;21,2
30/07/2024 0:00;0;0:19:17;20,3
30/07/2024 1:00;0;0:19:17;19,3
30/07/2024 2:00;0;0:19:17;18,2
30/07/2024 3:00;0;0:19:17;17,5
30/07/2024 4:00;0;0:19:17;17,2
30/07/2024 5:00;0;0:19:17;16,7
30/07/2024 6:00;0;0:19:17;16,8
30/07/2024 7:00;0;0:19:17;18,1
30/07/2024 8:00;0;0:19:17;21,2
30/07/2024 9:00;4;0:19:17;24,2
30/07/2024 10:00;22;0:19:17;26,9
30/07/2024 11:00;43;0:19:17;28,6
30/07/2024 12:00;51;0:19:17;29,1
30/07/2024 13:00;77;0:19:17;29,8
30/07/2024 14:00;52;0:19:17;30,8
30/07/2024 15:00;42;0:19:17;30,9
30/07/2024 16:00;50;0:19:17;30,9
30/07/2024 17:00;30;0:19:17;30,9
30/07/2024 18:00;4;0:19:17;30,5
30/07/2024 19:00;0;0:19:17;29,3
30/07/2024 20:00;0;0:19:17;27,9
30/07/2024 21:00;0;0:19:17;24,8
30/07/2024 22:00;0;0:19:17;23,9
30/07/2024 23:00;0;0:19:17;22,6
31/07/2024 0:00;0;0:19:14;21,9
31/07/2024 1:00;0;0:19:14;21,5
31/07/2024 2:00;0;0:19:14;21,4
31/07/2024 3:00;0;0:19:14;21,2
31/07/2024 4:00;0;0:19:14;20,9
31/07/2024 5:00;0;0:19:14;20,4
31/07/2024 6:00;0;0:19:14;19,9
31/07/2024 7:00;0;0:19:14;19,4
31/07/2024 8:00;0;0:19:14;19,9
31/07/2024 9:00;4;0:19:14;21
31/07/2024 10:00;66;0:19:14;22,2
31/07/2024 11:00;45;0:19:14;23,2
31/07/2024 12:00;68;0:19:14;24,1
31/07/2024 13:00;63;0:19:14;24,8
31/07/2024 14:00;65;0:19:14;25
31/07/2024 15:00;100;0:19:14;25,7
31/07/2024 16:00;83;0:19:14;26,5
31/07/2024 17:00;50;0:19:14;26,2
31/07/2024 18:00;9;0:19:14;27
31/07/2024 19:00;0;0:19:14;26,8
31/07/2024 20:00;0;0:19:14;25,7
31/07/2024 21:00;0;0:19:14;24,2
31/07/2024 22:00;0;0:19:14;23,4
31/07/2024 23:00;0;0:19:14;22,5
1/08/2024 0:00;0;0:22:29;21,7
1/08/2024 1:00;0;0:22:29;21,1
1/08/2024 2:00;0;0:22:29;20,6
1/08/2024 3:00;0;0:22:29;20,3
1/08/2024 4:00;0;0:22:29;20,1
1/08/2024 5:00;0;0:22:29;19,9
1/08/2024 6:00;0;0:22:29;19,8
1/08/2024 7:00;0;0:22:29;19,1
1/08/2024 8:00;0;0:22:29;18,7
1/08/2024 9:00;1;0:22:29;19,4
1/08/2024 10:00;29;0:22:29;20
1/08/2024 11:00;46;0:22:29;20,7
1/08/2024 12:00;72;0:22:29;20,2
1/08/2024 13:00;64;0:22:29;21,7
1/08/2024 14:00;59;0:22:29;22,2
1/08/2024 15:00;36;0:22:29;22,3
1/08/2024 16:00;80;0:22:29;22,4
1/08/2024 17:00;45;0:22:29;23,4
1/08/2024 18:00;4;0:22:29;23,1
1/08/2024 19:00;0;0:22:29;22,8
1/08/2024 20:00;0;0:22:29;22,2
1/08/2024 21:00;0;0:22:29;21,3
1/08/2024 22:00;0;0:22:29;20,3
1/08/2024 23:00;0;0:22:29;19,4
2/08/2024 0:00;0;0:20:00;18,6
2/08/2024 1:00;0;0:20:00;18,1
2/08/2024 2:00;0;0:20:00;17,5
2/08/2024 3:00;0;0:20:00;17,1
2/08/2024 4:00;0;0:20:00;16,5
2/08/2024 5:00;0;0:20:00;16,8
2/08/2024 6:00;0;0:20:00;17,2
2/08/2024 7:00;0;0:20:00;17,6
2/08/2024 8:00;0;0:20:00;18,1
2/08/2024 9:00;6;0:20:00;18,9
2/08/2024 10:00;19;0:20:00;20
2/08/2024 11:00;53;0:20:00;22,3
2/08/2024 12:00;20;0:20:00;23,3
2/08/2024 13:00;54;0:20:00;24,5
2/08/2024 14:00;73;0:20:00;25
2/08/2024 15:00;55;0:20:00;26,1
2/08/2024 16:00;51;0:20:00;26,5
2/08/2024 17:00;37;0:20:00;26,5
2/08/2024 18:00;8;0:20:00;26,6
2/08/2024 19:00;0;0:20:00;25,7
2/08/2024 20:00;0;0:20:00;24,8
2/08/2024 21:00;0;0:20:00;23,5
2/08/2024 22:00;0;0:20:00;21,8
2/08/2024 23:00;0;0:20:00;21,2
3/08/2024 0:00;0;0:19:13;20,7
3/08/2024 1:00;0;0:19:13;20,3
3/08/2024 2:00;0;0:19:13;19,8
3/08/2024 3:00;0;0:19:13;19,5
3/08/2024 4:00;0;0:19:13;18,2
3/08/2024 5:00;0;0:19:13;17,4
3/08/2024 6:00;0;0:19:13;16,8
3/08/2024 7:00;0;0:19:13;17,1
3/08/2024 8:00;0;0:19:13;17,5
3/08/2024 9:00;3;0:19:13;18,5
3/08/2024 10:00;28;0:19:13;19,9
3/08/2024 11:00;82;0:19:13;20,7
3/08/2024 12:00;126;0:19:13;22,3
3/08/2024 13:00;120;0:19:13;23
3/08/2024 14:00;132;0:19:13;22,7
3/08/2024 15:00;156;0:19:13;22,8
3/08/2024 16:00;160;0:19:13;22,8
3/08/2024 17:00;112;0:19:13;22,1
3/08/2024 18:00;5;0:19:13;22,5
3/08/2024 19:00;0;0:19:13;22,7
3/08/2024 20:00;0;0:19:13;21,9
3/08/2024 21:00;0;0:19:13;21
3/08/2024 22:00;0;0:19:13;20
3/08/2024 23:00;0;0:19:13;19,1
4/08/2024 0:00;0;0:15:32;18,6
4/08/2024 1:00;0;0:15:32;18,2
4/08/2024 2:00;0;0:15:32;18
4/08/2024 3:00;0;0:15:32;17,5
4/08/2024 4:00;0;0:15:32;17
4/08/2024 5:00;0;0:15:32;16,5
4/08/2024 6:00;0;0:15:32;16,6
4/08/2024 7:00;0;0:15:32;16,8
4/08/2024 8:00;0;0:15:32;17,2
4/08/2024 9:00;0;0:15:32;17,9
4/08/2024 10:00;0;0:15:32;18,9
4/08/2024 11:00;2;0:15:32;20,1
4/08/2024 12:00;80;0:15:32;20,6
4/08/2024 13:00;129;0:15:32;20,7
4/08/2024 14:00;115;0:15:32;21
4/08/2024 15:00;158;0:15:32;21,1
4/08/2024 16:00;82;0:15:32;21,5
4/08/2024 17:00;68;0:15:32;21,7
4/08/2024 18:00;9;0:15:32;21,3
4/08/2024 19:00;3;0:15:32;21
4/08/2024 20:00;0;0:15:32;20,5
4/08/2024 21:00;0;0:15:32;19,7
4/08/2024 22:00;0;0:15:32;19
4/08/2024 23:00;0;0:15:32;18,6
5/08/2024 0:00;0;0:17:12;18,2
5/08/2024 1:00;0;0:17:12;18
5/08/2024 2:00;0;0:17:12;17,7
5/08/2024 3:00;0;0:17:12;17,6
5/08/2024 4:00;0;0:17:12;17,6
5/08/2024 5:00;0;0:17:12;17,3
5/08/2024 6:00;0;0:17:12;16,3
5/08/2024 7:00;0;0:17:12;15,9
5/08/2024 8:00;0;0:17:12;16,9
5/08/2024 9:00;3;0:17:12;17,8
5/08/2024 10:00;44;0:17:12;19,5
5/08/2024 11:00;54;0:17:12;21,1
5/08/2024 12:00;71;0:17:12;21,7
5/08/2024 13:00;78;0:17:12;22,7
5/08/2024 14:00;86;0:17:12;23,6
5/08/2024 15:00;60;0:17:12;24,4
5/08/2024 16:00;61;0:17:12;24,7
5/08/2024 17:00;73;0:17:12;25,5
5/08/2024 18:00;6;0:17:12;25,5
5/08/2024 19:00;0;0:17:12;25,1
5/08/2024 20:00;0;0:17:12;24
5/08/2024 21:00;0;0:17:12;22,4
5/08/2024 22:00;0;0:17:12;20,2
5/08/2024 23:00;0;0:17:12;19
6/08/2024 0:00;0;0:18:25;18,4
6/08/2024 1:00;0;0:18:25;17,8
6/08/2024 2:00;0;0:18:25;17,4
6/08/2024 3:00;0;0:18:25;17
6/08/2024 4:00;0;0:18:25;16,5
6/08/2024 5:00;0;0:18:25;16,4
6/08/2024 6:00;0;0:18:25;15,9
6/08/2024 7:00;0;0:18:25;16,4
6/08/2024 8:00;0;0:18:25;19,1
6/08/2024 9:00;4;0:18:25;21,9
6/08/2024 10:00;31;0:18:25;24
6/08/2024 11:00;26;0:18:25;25,4
6/08/2024 12:00;57;0:18:25;26,4
6/08/2024 13:00;53;0:18:25;27,3
6/08/2024 14:00;73;0:18:25;28,2
6/08/2024 15:00;47;0:18:25;28,8
6/08/2024 16:00;56;0:18:25;28,7
6/08/2024 17:00;10;0:18:25;28,7
6/08/2024 18:00;2;0:18:25;28
6/08/2024 19:00;0;0:18:25;27,5
6/08/2024 20:00;0;0:18:25;26,2
6/08/2024 21:00;0;0:18:25;23,5
6/08/2024 22:00;0;0:18:25;22,2
6/08/2024 23:00;0;0:18:25;21,3
7/08/2024 0:00;0;0:18:17;20,9
7/08/2024 1:00;0;0:18:17;20,3
7/08/2024 2:00;0;0:18:17;20,3
7/08/2024 3:00;0;0:18:17;19,7
7/08/2024 4:00;0;0:18:17;19
7/08/2024 5:00;0;0:18:17;17,7
7/08/2024 6:00;0;0:18:17;17,5
7/08/2024 7:00;0;0:18:17;17
7/08/2024 8:00;0;0:18:17;16,9
7/08/2024 9:00;6;0:18:17;17,2
7/08/2024 10:00;134;0:18:17;18
7/08/2024 11:00;104;0:18:17;19,4
7/08/2024 12:00;80;0:18:17;20,3
7/08/2024 13:00;90;0:18:17;21,4
7/08/2024 14:00;113;0:18:17;22,3
7/08/2024 15:00;78;0:18:17;22,7
7/08/2024 16:00;76;0:18:17;22,9
7/08/2024 17:00;77;0:18:17;23,2
7/08/2024 18:00;9;0:18:17;22,8
7/08/2024 19:00;0;0:18:17;21,9
7/08/2024 20:00;0;0:18:17;21
7/08/2024 21:00;0;0:18:17;19,6
7/08/2024 22:00;0;0:18:17;18,6
7/08/2024 23:00;0;0:18:17;18,2
8/08/2024 0:00;0;0:19:17;17,7
8/08/2024 1:00;0;0:19:17;17,4
8/08/2024 2:00;0;0:19:17;17,3
8/08/2024 3:00;0;0:19:17;17
8/08/2024 4:00;0;0:19:17;16,7
8/08/2024 5:00;0;0:19:17;16,6
8/08/2024 6:00;0;0:19:17;16,5
8/08/2024 7:00;0;0:19:17;16,8
8/08/2024 8:00;0;0:19:17;17,6
8/08/2024 9:00;3;0:19:17;18,7
8/08/2024 10:00;36;0:19:17;20,3
8/08/2024 11:00;119;0:19:17;20,9
8/08/2024 12:00;78;0:19:17;21,9
8/08/2024 13:00;83;0:19:17;22,9
8/08/2024 14:00;94;0:19:17;23,4
8/08/2024 15:00;71;0:19:17;23,8
8/08/2024 16:00;85;0:19:17;23,5
8/08/2024 17:00;49;0:19:17;24,3
8/08/2024 18:00;6;0:19:17;24,2
8/08/2024 19:00;0;0:19:17;23,9
8/08/2024 20:00;0;0:19:17;23
8/08/2024 21:00;0;0:19:17;22,6
8/08/2024 22:00;0;0:19:17;22
8/08/2024 23:00;0;0:19:17;21,6
9/08/2024 0:00;0;0:20:03;21,6
9/08/2024 1:00;0;0:20:03;21,7
9/08/2024 2:00;0;0:20:03;21,7
9/08/2024 3:00;0;0:20:03;21,6
9/08/2024 4:00;0;0:20:03;21,4
9/08/2024 5:00;0;0:20:03;21,5
9/08/2024 6:00;0;0:20:03;21,4
9/08/2024 7:00;0;0:20:03;21,1
9/08/2024 8:00;0;0:20:03;21,2
9/08/2024 9:00;3;0:20:03;21,3
9/08/2024 10:00;40;0:20:03;21,3
9/08/2024 11:00;41;0:20:03;20,7
9/08/2024 12:00;54;0:20:03;21,3
9/08/2024 13:00;80;0:20:03;20,9
9/08/2024 14:00;89;0:20:03;22
9/08/2024 15:00;64;0:20:03;23,9
9/08/2024 16:00;46;0:20:03;24,7
9/08/2024 17:00;30;0:20:03;25,2
9/08/2024 18:00;7;0:20:03;25
9/08/2024 19:00;0;0:20:03;24,3
9/08/2024 20:00;0;0:20:03;23,1
9/08/2024 21:00;0;0:20:03;21,1
9/08/2024 22:00;0;0:20:03;19,2
9/08/2024 23:00;0;0:20:03;18,5
10/08/2024 0:00;0;0:17:35;17,6
10/08/2024 1:00;0;0:17:35;16,6
10/08/2024 2:00;0;0:17:35;15,9
10/08/2024 3:00;0;0:17:35;15,4
10/08/2024 4:00;0;0:17:35;15,3
10/08/2024 5:00;0;0:17:35;15
10/08/2024 6:00;0;0:17:35;14,9
10/08/2024 7:00;0;0:17:35;15,4
10/08/2024 8:00;0;0:17:35;16,3
10/08/2024 9:00;4;0:17:35;18,5
10/08/2024 10:00;63;0:17:35;20,4
10/08/2024 11:00;66;0:17:35;21,9
10/08/2024 12:00;75;0:17:35;23
10/08/2024 13:00;97;0:17:35;23,6
10/08/2024 14:00;103;0:17:35;24,6
10/08/2024 15:00;87;0:17:35;25,4
10/08/2024 16:00;82;0:17:35;25,7
10/08/2024 17:00;84;0:17:35;26,3
10/08/2024 18:00;11;0:17:35;26,1
10/08/2024 19:00;0;0:17:35;25,4
10/08/2024 20:00;0;0:17:35;24,4
10/08/2024 21:00;0;0:17:35;23
10/08/2024 22:00;0;0:17:35;21
10/08/2024 23:00;0;0:17:35;20,9
11/08/2024 0:00;0;0:16:04;19,6
11/08/2024 1:00;0;0:16:04;19,5
11/08/2024 2:00;0;0:16:04;18,1
11/08/2024 3:00;0;0:16:04;17,2
11/08/2024 4:00;0;0:16:04;16,7
11/08/2024 5:00;0;0:16:04;16,1
11/08/2024 6:00;0;0:16:04;15,6
11/08/2024 7:00;0;0:16:04;17,4
11/08/2024 8:00;0;0:16:04;20,6
11/08/2024 9:00;0;0:16:04;22,6
11/08/2024 10:00;0;0:16:04;23,8
11/08/2024 11:00;0;0:16:04;24,5
11/08/2024 12:00;0;0:16:04;25,6
11/08/2024 13:00;0;0:16:04;26,9
11/08/2024 14:00;0;0:16:04;27,7
11/08/2024 15:00;0;0:16:04;28,3
11/08/2024 16:00;0;0:16:04;28,5
11/08/2024 17:00;0;0:16:04;28,4
11/08/2024 18:00;0;0:16:04;27,9
11/08/2024 19:00;0;0:16:04;27,2
11/08/2024 20:00;0;0:16:04;25,3
11/08/2024 21:00;0;0:16:04;23,7
11/08/2024 22:00;0;0:16:04;22,6
11/08/2024 23:00;0;0:16:04;22
12/08/2024 0:00;0;0:21:49;20,8
12/08/2024 1:00;0;0:21:49;20,5
12/08/2024 2:00;0;0:21:49;19,9
12/08/2024 3:00;0;0:21:49;19,3
12/08/2024 4:00;0;0:21:49;18,8
12/08/2024 5:00;0;0:21:49;17,9
12/08/2024 6:00;0;0:21:49;17,7
12/08/2024 7:00;0;0:21:49;19
12/08/2024 8:00;0;0:21:49;21,4
12/08/2024 9:00;3;0:21:49;24
12/08/2024 10:00;22;0:21:49;26,6
12/08/2024 11:00;41;0:21:49;27,9
12/08/2024 12:00;31;0:21:49;29,3
12/08/2024 13:00;42;0:21:49;30,6
12/08/2024 14:00;25;0:21:49;31,8
12/08/2024 15:00;23;0:21:49;32,9
12/08/2024 16:00;16;0:21:49;33,5
12/08/2024 17:00;29;0:21:49;33,7
12/08/2024 18:00;4;0:21:49;33,7
12/08/2024 19:00;0;0:21:49;32,4
12/08/2024 20:00;0;0:21:49;30,2
12/08/2024 21:00;0;0:21:49;28,5
12/08/2024 22:00;0;0:21:49;26,5
12/08/2024 23:00;0;0:21:49;26,4
13/08/2024 0:00;0;0:20:36;25,7
13/08/2024 1:00;0;0:20:36;24,3
13/08/2024 2:00;0;0:20:36;23,7
13/08/2024 3:00;0;0:20:36;23
13/08/2024 4:00;0;0:20:36;22,1
13/08/2024 5:00;0;0:20:36;21,5
13/08/2024 6:00;0;0:20:36;21
13/08/2024 7:00;0;0:20:36;21,7
13/08/2024 8:00;0;0:20:36;22,8
13/08/2024 9:00;7;0:20:36;23,2
13/08/2024 10:00;50;0:20:36;25
13/08/2024 11:00;52;0:20:36;26,2
13/08/2024 12:00;47;0:20:36;27,3
13/08/2024 13:00;69;0:20:36;28,6
13/08/2024 14:00;74;0:20:36;29
13/08/2024 15:00;75;0:20:36;29,4
13/08/2024 16:00;47;0:20:36;29,2
13/08/2024 17:00;47;0:20:36;28,4
13/08/2024 18:00;7;0:20:36;27,2
13/08/2024 19:00;0;0:20:36;26
13/08/2024 20:00;0;0:20:36;24,7
13/08/2024 21:00;0;0:20:36;22,1
13/08/2024 22:00;0;0:20:36;21,8
13/08/2024 23:00;0;0:20:36;21,1
14/08/2024 0:00;0;0:21:11;20,3
14/08/2024 1:00;0;0:21:11;20,5
14/08/2024 2:00;0;0:21:11;19,5
14/08/2024 3:00;0;0:21:11;19,6
14/08/2024 4:00;0;0:21:11;19,3
14/08/2024 5:00;0;0:21:11;18,6
14/08/2024 6:00;0;0:21:11;18,2
14/08/2024 7:00;0;0:21:11;17,9
14/08/2024 8:00;0;0:21:11;18,1
14/08/2024 9:00;2;0:21:11;18,5
14/08/2024 10:00;32;0:21:11;19,6
14/08/2024 11:00;61;0:21:11;20,4
14/08/2024 12:00;71;0:21:11;20,8
14/08/2024 13:00;107;0:21:11;21,9
14/08/2024 14:00;107;0:21:11;22
14/08/2024 15:00;99;0:21:11;23,6
14/08/2024 16:00;95;0:21:11;23,7
14/08/2024 17:00;39;0:21:11;23,8
14/08/2024 18:00;7;0:21:11;24,6
14/08/2024 19:00;0;0:21:11;22,9
14/08/2024 20:00;0;0:21:11;21,7
14/08/2024 21:00;0;0:21:11;20,5
14/08/2024 22:00;0;0:21:11;19,6
14/08/2024 23:00;0;0:21:11;18,7
15/08/2024 0:00;0;0:12:33;18,2
15/08/2024 1:00;0;0:12:33;17,6
15/08/2024 2:00;0;0:12:33;17,2
15/08/2024 3:00;0;0:12:33;16,8
15/08/2024 4:00;0;0:12:33;16,8
15/08/2024 5:00;0;0:12:33;16,3
15/08/2024 6:00;0;0:12:33;16,2
15/08/2024 7:00;0;0:12:33;16,8
15/08/2024 8:00;0;0:12:33;18,7
15/08/2024 9:00;0;0:12:33;20,7
15/08/2024 10:00;0;0:12:33;22,2
15/08/2024 11:00;0;0:12:33;23,4
15/08/2024 12:00;0;0:12:33;23,6
15/08/2024 13:00;0;0:12:33;24,2
15/08/2024 14:00;0;0:12:33;24,9
15/08/2024 15:00;0;0:12:33;25,1
15/08/2024 16:00;0;0:12:33;25,4
15/08/2024 17:00;0;0:12:33;25,8
15/08/2024 18:00;0;0:12:33;25,8
15/08/2024 19:00;0;0:12:33;24,8
15/08/2024 20:00;0;0:12:33;23,3
15/08/2024 21:00;0;0:12:33;21,2
15/08/2024 22:00;0;0:12:33;20,7
15/08/2024 23:00;0;0:12:33;20,2
16/08/2024 0:00;0;0:19:49;19,3
16/08/2024 1:00;0;0:19:49;19,1
16/08/2024 2:00;0;0:19:49;19,4
16/08/2024 3:00;0;0:19:49;19,7
16/08/2024 4:00;0;0:19:49;19,7
16/08/2024 5:00;0;0:19:49;19,5
16/08/2024 6:00;0;0:19:49;19,4
16/08/2024 7:00;0;0:19:49;19,7
16/08/2024 8:00;0;0:19:49;19,8
16/08/2024 9:00;10;0:19:49;19,8
16/08/2024 10:00;54;0:19:49;19,8
16/08/2024 11:00;97;0:19:49;19,7
16/08/2024 12:00;76;0:19:49;20,4
16/08/2024 13:00;80;0:19:49;20,5
16/08/2024 14:00;80;0:19:49;20,6
16/08/2024 15:00;111;0:19:49;21
16/08/2024 16:00;88;0:19:49;20,8
16/08/2024 17:00;59;0:19:49;20,5
16/08/2024 18:00;8;0:19:49;20,1
16/08/2024 19:00;0;0:19:49;19,8
16/08/2024 20:00;0;0:19:49;19,5
16/08/2024 21:00;0;0:19:49;19,6
16/08/2024 22:00;0;0:19:49;19,5
16/08/2024 23:00;0;0:19:49;19,3
17/08/2024 0:00;0;0:19:11;19,2
17/08/2024 1:00;0;0:19:11;19,2
17/08/2024 2:00;0;0:19:11;19
17/08/2024 3:00;0;0:19:11;17,9
17/08/2024 4:00;0;0:19:11;17,7
17/08/2024 5:00;0;0:19:11;17,8
17/08/2024 6:00;0;0:19:11;17,7
17/08/2024 7:00;0;0:19:11;17,8
17/08/2024 8:00;0;0:19:11;18,2
17/08/2024 9:00;2;0:19:11;18,9
17/08/2024 10:00;48;0:19:11;19,7
17/08/2024 11:00;92;0:19:11;21,5
17/08/2024 12:00;67;0:19:11;22,7
17/08/2024 13:00;122;0:19:11;23,3
17/08/2024 14:00;137;0:19:11;24,1
17/08/2024 15:00;140;0:19:11;24,4
17/08/2024 16:00;123;0:19:11;24,4
17/08/2024 17:00;61;0:19:11;23,9
17/08/2024 18:00;7;0:19:11;23,6
17/08/2024 19:00;0;0:19:11;22,9
17/08/2024 20:00;0;0:19:11;21,9
17/08/2024 21:00;0;0:19:11;21,1
17/08/2024 22:00;0;0:19:11;20,3
17/08/2024 23:00;0;0:19:11;19,9
18/08/2024 0:00;0;0:18:04;19,2
18/08/2024 1:00;0;0:18:04;18,9
18/08/2024 2:00;0;0:18:04;18,6
18/08/2024 3:00;0;0:18:04;18,1
18/08/2024 4:00;0;0:18:04;18
18/08/2024 5:00;0;0:18:04;17,9
18/08/2024 6:00;0;0:18:04;17,8
18/08/2024 7:00;0;0:18:04;17,5
18/08/2024 8:00;0;0:18:04;18
18/08/2024 9:00;0;0:18:04;19,1
18/08/2024 10:00;0;0:18:04;20,3
18/08/2024 11:00;0;0:18:04;21,9
18/08/2024 12:00;0;0:18:04;22,7
18/08/2024 13:00;0;0:18:04;23,2
18/08/2024 14:00;0;0:18:04;23,2
18/08/2024 15:00;0;0:18:04;22,2
18/08/2024 16:00;0;0:18:04;21,8
18/08/2024 17:00;0;0:18:04;21,4
18/08/2024 18:00;0;0:18:04;20,9
18/08/2024 19:00;0;0:18:04;20
18/08/2024 20:00;0;0:18:04;18,6
18/08/2024 21:00;0;0:18:04;17,2
18/08/2024 22:00;0;0:18:04;15,5
18/08/2024 23:00;0;0:18:04;14,4
19/08/2024 0:00;0;0:19:30;13,8
19/08/2024 1:00;0;0:19:30;13,1
19/08/2024 2:00;0;0:19:30;12,7
19/08/2024 3:00;0;0:19:30;12,2
19/08/2024 4:00;0;0:19:30;12,2
19/08/2024 5:00;0;0:19:30;12,1
19/08/2024 6:00;0;0:19:30;11,8
19/08/2024 7:00;0;0:19:30;12,8
19/08/2024 8:00;0;0:19:30;15,2
19/08/2024 9:00;4;0:19:30;17,6
19/08/2024 10:00;47;0:19:30;19,5
19/08/2024 11:00;39;0:19:30;20,9
19/08/2024 12:00;84;0:19:30;21,7
19/08/2024 13:00;92;0:19:30;22,4
19/08/2024 14:00;73;0:19:30;22,9
19/08/2024 15:00;95;0:19:30;23,3
19/08/2024 16:00;63;0:19:30;23,4
19/08/2024 17:00;45;0:19:30;23,3
19/08/2024 18:00;4;0:19:30;22,7
19/08/2024 19:00;0;0:19:30;21,7
19/08/2024 20:00;0;0:19:30;20
19/08/2024 21:00;0;0:19:30;18,6
19/08/2024 22:00;0;0:19:30;17,7
19/08/2024 23:00;0;0:19:30;16,9
20/08/2024 0:00;0;0:19:27;16,7
20/08/2024 1:00;0;0:19:27;16,7
20/08/2024 2:00;0;0:19:27;16,1
20/08/2024 3:00;0;0:19:27;15,3
20/08/2024 4:00;0;0:19:27;14,9
20/08/2024 5:00;0;0:19:27;14,8
20/08/2024 6:00;0;0:19:27;14,8
20/08/2024 7:00;0;0:19:27;15,6
20/08/2024 8:00;0;0:19:27;16,8
20/08/2024 9:00;4;0:19:27;18,9
20/08/2024 10:00;56;0:19:27;20,9
20/08/2024 11:00;77;0:19:27;22
20/08/2024 12:00;78;0:19:27;22,8
20/08/2024 13:00;71;0:19:27;23,5
20/08/2024 14:00;73;0:19:27;23,4
20/08/2024 15:00;68;0:19:27;21,8
20/08/2024 16:00;93;0:19:27;19,8
20/08/2024 17:00;40;0:19:27;19,3
20/08/2024 18:00;3;0:19:27;19,1
20/08/2024 19:00;0;0:19:27;18,5
20/08/2024 20:00;0;0:19:27;17,9
20/08/2024 21:00;0;0:19:27;17,6
20/08/2024 22:00;0;0:19:27;17,2
20/08/2024 23:00;0;0:19:27;16,7
21/08/2024 0:00;0;0:21:09;16
21/08/2024 1:00;0;0:21:09;15,3
21/08/2024 2:00;0;0:21:09;14,8
21/08/2024 3:00;0;0:21:09;14,7
21/08/2024 4:00;0;0:21:09;14,1
21/08/2024 5:00;0;0:21:09;13,6
21/08/2024 6:00;0;0:21:09;12,9
21/08/2024 7:00;0;0:21:09;13,2
21/08/2024 8:00;0;0:21:09;14,2
21/08/2024 9:00;4;0:21:09;16,2
21/08/2024 10:00;99;0:21:09;17,4
21/08/2024 11:00;57;0:21:09;18,1
21/08/2024 12:00;86;0:21:09;18,5
21/08/2024 13:00;73;0:21:09;19,5
21/08/2024 14:00;93;0:21:09;19,8
21/08/2024 15:00;70;0:21:09;20
21/08/2024 16:00;88;0:21:09;20,2
21/08/2024 17:00;95;0:21:09;20,4
21/08/2024 18:00;7;0:21:09;20,3
21/08/2024 19:00;0;0:21:09;19,4
21/08/2024 20:00;0;0:21:09;17,9
21/08/2024 21:00;0;0:21:09;16,3
21/08/2024 22:00;0;0:21:09;15,6
21/08/2024 23:00;0;0:21:09;15,1
22/08/2024 0:00;0;0:19:08;14,4
22/08/2024 1:00;0;0:19:08;13,7
22/08/2024 2:00;0;0:19:08;13,4
22/08/2024 3:00;0;0:19:08;13,3
22/08/2024 4:00;0;0:19:08;12,8
22/08/2024 5:00;0;0:19:08;12,7
22/08/2024 6:00;0;0:19:08;12,9
22/08/2024 7:00;0;0:19:08;13
22/08/2024 8:00;0;0:19:08;15,7
22/08/2024 9:00;4;0:19:08;17,9
22/08/2024 10:00;32;0:19:08;19,5
22/08/2024 11:00;84;0:19:08;20,6
22/08/2024 12:00;50;0:19:08;21,5
22/08/2024 13:00;50;0:19:08;22,1
22/08/2024 14:00;95;0:19:08;22,8
22/08/2024 15:00;97;0:19:08;23,2
22/08/2024 16:00;82;0:19:08;23,3
22/08/2024 17:00;46;0:19:08;23,7
22/08/2024 18:00;10;0:19:08;23,2
22/08/2024 19:00;0;0:19:08;22,8
22/08/2024 20:00;0;0:19:08;22
22/08/2024 21:00;0;0:19:08;21,3
22/08/2024 22:00;0;0:19:08;20,7
22/08/2024 23:00;0;0:19:08;20,6
23/08/2024 0:00;0;0:15:35;20,3
23/08/2024 1:00;0;0:15:35;20
23/08/2024 2:00;0;0:15:35;19,7
23/08/2024 3:00;0;0:15:35;19,4
23/08/2024 4:00;0;0:15:35;19,3
23/08/2024 5:00;0;0:15:35;18,9
23/08/2024 6:00;0;0:15:35;18,7
23/08/2024 7:00;0;0:15:35;18,8
23/08/2024 8:00;0;0:15:35;19,4
23/08/2024 9:00;2;0:15:35;20
23/08/2024 10:00;29;0:15:35;21,1
23/08/2024 11:00;42;0:15:35;21,2
23/08/2024 12:00;64;0:15:35;21,8
23/08/2024 13:00;77;0:15:35;21
23/08/2024 14:00;101;0:15:35;20,7
23/08/2024 15:00;70;0:15:35;21,6
23/08/2024 16:00;56;0:15:35;22,3
23/08/2024 17:00;46;0:15:35;23,1
23/08/2024 18:00;10;0:15:35;23,1
23/08/2024 19:00;0;0:15:35;22,4
23/08/2024 20:00;0;0:15:35;21,4
23/08/2024 21:00;0;0:15:35;18,5
23/08/2024 22:00;0;0:15:35;17,4
23/08/2024 23:00;0;0:15:35;17,4
24/08/2024 0:00;0;0:17:04;17,4
24/08/2024 1:00;0;0:17:04;17
24/08/2024 2:00;0;0:17:04;16,5
24/08/2024 3:00;0;0:17:04;16,3
24/08/2024 4:00;0;0:17:04;16,8
24/08/2024 5:00;0;0:17:04;17,5
24/08/2024 6:00;0;0:17:04;17,9
24/08/2024 7:00;0;0:17:04;18,7
24/08/2024 8:00;0;0:17:04;19,9
24/08/2024 9:00;2;0:17:04;21,7
24/08/2024 10:00;40;0:17:04;22,2
24/08/2024 11:00;70;0:17:04;22,7
24/08/2024 12:00;76;0:17:04;24
24/08/2024 13:00;118;0:17:04;25,5
24/08/2024 14:00;119;0:17:04;27,3
24/08/2024 15:00;113;0:17:04;28
24/08/2024 16:00;112;0:17:04;28,3
24/08/2024 17:00;64;0:17:04;19,3
24/08/2024 18:00;9;0:17:04;18,2
24/08/2024 19:00;0;0:17:04;18,4
24/08/2024 20:00;0;0:17:04;17,9
24/08/2024 21:00;0;0:17:04;17,5
24/08/2024 22:00;0;0:17:04;17,1
24/08/2024 23:00;0;0:17:04;16,9
25/08/2024 0:00;0;0:15:09;16,2
25/08/2024 1:00;0;0:15:09;15,4
25/08/2024 2:00;0;0:15:09;15,3
25/08/2024 3:00;0;0:15:09;14,7
25/08/2024 4:00;0;0:15:09;14,3
25/08/2024 5:00;0;0:15:09;13,6
25/08/2024 6:00;0;0:15:09;13,4
25/08/2024 7:00;0;0:15:09;13,3
25/08/2024 8:00;0;0:15:09;14,1
25/08/2024 9:00;0;0:15:09;15,8
25/08/2024 10:00;0;0:15:09;17,5
25/08/2024 11:00;0;0:15:09;18,4
25/08/2024 12:00;0;0:15:09;19
25/08/2024 13:00;0;0:15:09;19,8
25/08/2024 14:00;0;0:15:09;20,1
25/08/2024 15:00;0;0:15:09;20,4
25/08/2024 16:00;0;0:15:09;20,7
25/08/2024 17:00;0;0:15:09;20,6
25/08/2024 18:00;0;0:15:09;19,8
25/08/2024 19:00;0;0:15:09;19,1
25/08/2024 20:00;0;0:15:09;17,7
25/08/2024 21:00;0;0:15:09;16,3
25/08/2024 22:00;0;0:15:09;15
25/08/2024 23:00;0;0:15:09;14,3
26/08/2024 0:00;0;0:22:03;14
26/08/2024 1:00;0;0:22:03;14
26/08/2024 2:00;0;0:22:03;13,6
26/08/2024 3:00;0;0:22:03;13,4
26/08/2024 4:00;0;0:22:03;12,9
26/08/2024 5:00;0;0:22:03;12,6
26/08/2024 6:00;0;0:22:03;12,7
26/08/2024 7:00;0;0:22:03;13,3
26/08/2024 8:00;0;0:22:03;14,8
26/08/2024 9:00;6;0:22:03;16,6
26/08/2024 10:00;39;0:22:03;18,1
26/08/2024 11:00;79;0:22:03;19,2
26/08/2024 12:00;54;0:22:03;20,6
26/08/2024 13:00;78;0:22:03;21,2
26/08/2024 14:00;59;0:22:03;21,5
26/08/2024 15:00;74;0:22:03;22,2
26/08/2024 16:00;89;0:22:03;22,6
26/08/2024 17:00;43;0:22:03;22,6
26/08/2024 18:00;14;0:22:03;22,1
26/08/2024 19:00;0;0:22:03;21,5
26/08/2024 20:00;0;0:22:03;19,6
26/08/2024 21:00;0;0:22:03;17,4
26/08/2024 22:00;0;0:22:03;16,8
26/08/2024 23:00;0;0:22:03;16,3
27/08/2024 0:00;0;0:14:21;14,8
27/08/2024 1:00;0;0:14:21;13,9
27/08/2024 2:00;0;0:14:21;13,1
27/08/2024 3:00;0;0:14:21;12,8
27/08/2024 4:00;0;0:14:21;12
27/08/2024 5:00;0;0:14:21;12
27/08/2024 6:00;0;0:14:21;11,7
27/08/2024 7:00;0;0:14:21;12,1
27/08/2024 8:00;0;0:14:21;14,8
27/08/2024 9:00;3;0:14:21;18
27/08/2024 10:00;55;0:14:21;20,9
27/08/2024 11:00;85;0:14:21;22,3
27/08/2024 12:00;82;0:14:21;22,7
27/08/2024 13:00;98;0:14:21;23,5
27/08/2024 14:00;90;0:14:21;24,3
27/08/2024 15:00;71;0:14:21;25,1
27/08/2024 16:00;52;0:14:21;25,4
27/08/2024 17:00;66;0:14:21;25,6
27/08/2024 18:00;12;0:14:21;25,6
27/08/2024 19:00;0;0:14:21;24,5
27/08/2024 20:00;0;0:14:21;21,9
27/08/2024 21:00;0;0:14:21;19,4
27/08/2024 22:00;0;0:14:21;17,4
27/08/2024 23:00;0;0:14:21;16,9
28/08/2024 0:00;0;0:17:31;16,2
28/08/2024 1:00;0;0:17:31;15,8
28/08/2024 2:00;0;0:17:31;15,2
28/08/2024 3:00;0;0:17:31;14,7
28/08/2024 4:00;0;0:17:31;14,4
28/08/2024 5:00;0;0:17:31;14,7
28/08/2024 6:00;0;0:17:31;14,1
28/08/2024 7:00;0;0:17:31;14,8
28/08/2024 8:00;0;0:17:31;17,2
28/08/2024 9:00;9;0:17:31;20
28/08/2024 10:00;41;0:17:31;22,9
28/08/2024 11:00;33;0:17:31;25,1
28/08/2024 12:00;59;0:17:31;26,7
28/08/2024 13:00;37;0:17:31;27,9
28/08/2024 14:00;67;0:17:31;28,6
28/08/2024 15:00;63;0:17:31;29,5
28/08/2024 16:00;50;0:17:31;29,5
28/08/2024 17:00;27;0:17:31;29,5
28/08/2024 18:00;7;0:17:31;29,3
28/08/2024 19:00;0;0:17:31;28,2
28/08/2024 20:00;0;0:17:31;25,7
28/08/2024 21:00;0;0:17:31;23,4
28/08/2024 22:00;0;0:17:31;22,2
28/08/2024 23:00;0;0:17:31;21,5
29/08/2024 0:00;0;0:19:02;21,2
29/08/2024 1:00;0;0:19:02;20,6
29/08/2024 2:00;0;0:19:02;19,6
29/08/2024 3:00;0;0:19:02;18,7
29/08/2024 4:00;0;0:19:02;18,3
29/08/2024 5:00;0;0:19:02;17,9
29/08/2024 6:00;0;0:19:02;16,9
29/08/2024 7:00;0;0:19:02;17,7
29/08/2024 8:00;0;0:19:02;19,7
29/08/2024 9:00;5;0:19:02;21,2
29/08/2024 10:00;54;0:19:02;22,7
29/08/2024 11:00;79;0:19:02;23,6
29/08/2024 12:00;44;0:19:02;24,2
29/08/2024 13:00;85;0:19:02;24,4
29/08/2024 14:00;81;0:19:02;24,4
29/08/2024 15:00;77;0:19:02;24,6
29/08/2024 16:00;43;0:19:02;24,2
29/08/2024 17:00;60;0:19:02;23,7
29/08/2024 18:00;6;0:19:02;22,8
29/08/2024 19:00;0;0:19:02;21,8
29/08/2024 20:00;0;0:19:02;20,1
29/08/2024 21:00;0;0:19:02;18,8
29/08/2024 22:00;0;0:19:02;18
29/08/2024 23:00;0;0:19:02;18
30/08/2024 0:00;0;0:17:52;17,6
30/08/2024 1:00;0;0:17:52;17,3
30/08/2024 2:00;0;0:17:52;16,9
30/08/2024 3:00;0;0:17:52;16,7
30/08/2024 4:00;0;0:17:52;16,4
30/08/2024 5:00;0;0:17:52;16,3
30/08/2024 6:00;0;0:17:52;16,2
30/08/2024 7:00;0;0:17:52;16,1
30/08/2024 8:00;0;0:17:52;16,5
30/08/2024 9:00;8;0:17:52;16,9
30/08/2024 10:00;55;0:17:52;18
30/08/2024 11:00;62;0:17:52;18,8
30/08/2024 12:00;99;0:17:52;19,3
30/08/2024 13:00;89;0:17:52;20,1
30/08/2024 14:00;78;0:17:52;21,2
30/08/2024 15:00;84;0:17:52;21,6
30/08/2024 16:00;77;0:17:52;21,3
30/08/2024 17:00;50;0:17:52;21,2
30/08/2024 18:00;13;0:17:52;20,5
30/08/2024 19:00;0;0:17:52;19,9
30/08/2024 20:00;0;0:17:52;19
30/08/2024 21:00;0;0:17:52;18,5
30/08/2024 22:00;0;0:17:52;18
30/08/2024 23:00;0;0:17:52;17,9
31/08/2024 0:00;0;0:18:46;17,1
31/08/2024 1:00;0;0:18:46;16,6
31/08/2024 2:00;0;0:18:46;16,1
31/08/2024 3:00;0;0:18:46;15,9
31/08/2024 4:00;0;0:18:46;15,6
31/08/2024 5:00;0;0:18:46;15,5
31/08/2024 6:00;0;0:18:46;15,1
31/08/2024 7:00;0;0:18:46;15
31/08/2024 8:00;0;0:18:46;16
31/08/2024 9:00;4;0:18:46;17,4
31/08/2024 10:00;41;0:18:46;18,8
31/08/2024 11:00;89;0:18:46;20,1
31/08/2024 12:00;83;0:18:46;20,9
31/08/2024 13:00;113;0:18:46;22,3
31/08/2024 14:00;91;0:18:46;23,1
31/08/2024 15:00;103;0:18:46;24
31/08/2024 16:00;114;0:18:46;24,4
31/08/2024 17:00;92;0:18:46;24,2
31/08/2024 18:00;10;0:18:46;24
31/08/2024 19:00;0;0:18:46;22,7
31/08/2024 20:00;0;0:18:46;21,5
31/08/2024 21:00;0;0:18:46;20,8
31/08/2024 22:00;0;0:18:46;19,9
31/08/2024 23:00;0;0:18:46;19,6
1/09/2024 0:00;0;0:13:32;19,2
1/09/2024 1:00;0;0:13:32;18,7
1/09/2024 2:00;0;0:13:32;18,1
1/09/2024 3:00;0;0:13:32;18
1/09/2024 4:00;0;0:13:32;17,9
1/09/2024 5:00;0;0:13:32;17,8
1/09/2024 6:00;0;0:13:32;17,5
1/09/2024 7:00;0;0:13:32;17,5
1/09/2024 8:00;0;0:13:32;18,5
1/09/2024 9:00;0;0:13:32;20,6
1/09/2024 10:00;0;0:13:32;22,7
1/09/2024 11:00;5;0:13:32;25
1/09/2024 12:00;53;0:13:32;26,9
1/09/2024 13:00;101;0:13:32;28,3
1/09/2024 14:00;65;0:13:32;29,4
1/09/2024 15:00;80;0:13:32;30,2
1/09/2024 16:00;68;0:13:32;30,9
1/09/2024 17:00;32;0:13:32;31,1
1/09/2024 18:00;6;0:13:32;30,8
1/09/2024 19:00;0;0:13:32;29,3
1/09/2024 20:00;0;0:13:32;27,2
1/09/2024 21:00;0;0:13:32;25,6
1/09/2024 22:00;0;0:13:32;23,8
1/09/2024 23:00;0;0:13:32;23,7
2/09/2024 0:00;0;0:21:12;22,8
2/09/2024 1:00;0;0:21:12;22
2/09/2024 2:00;0;0:21:12;21,5
2/09/2024 3:00;0;0:21:12;20,6
2/09/2024 4:00;0;0:21:12;19,8
2/09/2024 5:00;0;0:21:12;18,9
2/09/2024 6:00;0;0:21:12;18,4
2/09/2024 7:00;0;0:21:12;18,2
2/09/2024 8:00;0;0:21:12;19,9
2/09/2024 9:00;3;0:21:12;22,6
2/09/2024 10:00;30;0:21:12;24,6
2/09/2024 11:00;37;0:21:12;25,8
2/09/2024 12:00;37;0:21:12;26,3
2/09/2024 13:00;35;0:21:12;27
2/09/2024 14:00;34;0:21:12;26,9
2/09/2024 15:00;37;0:21:12;27,2
2/09/2024 16:00;27;0:21:12;26,8
2/09/2024 17:00;13;0:21:12;26,5
2/09/2024 18:00;5;0:21:12;26,2
2/09/2024 19:00;0;0:21:12;25,2
2/09/2024 20:00;0;0:21:12;23,4
2/09/2024 21:00;0;0:21:12;21,9
2/09/2024 22:00;0;0:21:12;21,4
2/09/2024 23:00;0;0:21:12;20,6
3/09/2024 0:00;0;0:14:36;20
3/09/2024 1:00;0;0:14:36;19,4
3/09/2024 2:00;0;0:14:36;18,2
3/09/2024 3:00;0;0:14:36;18,2
3/09/2024 4:00;0;0:14:36;17,8
3/09/2024 5:00;0;0:14:36;17,9
3/09/2024 6:00;0;0:14:36;18,1
3/09/2024 7:00;0;0:14:36;18,4
3/09/2024 8:00;0;0:14:36;19,2
3/09/2024 9:00;4;0:14:36;19,9
3/09/2024 10:00;24;0:14:36;20,6
3/09/2024 11:00;36;0:14:36;21,4
3/09/2024 12:00;31;0:14:36;22,2
3/09/2024 13:00;21;0:14:36;22,3
3/09/2024 14:00;37;0:14:36;21,6
3/09/2024 15:00;53;0:14:36;22,3
3/09/2024 16:00;31;0:14:36;22,8
3/09/2024 17:00;23;0:14:36;20,7
3/09/2024 18:00;3;0:14:36;20,2
3/09/2024 19:00;0;0:14:36;20
3/09/2024 20:00;0;0:14:36;19,5
3/09/2024 21:00;0;0:14:36;18,9
3/09/2024 22:00;0;0:14:36;18,8
3/09/2024 23:00;0;0:14:36;18,6
4/09/2024 0:00;0;0:14:11;18,6
4/09/2024 1:00;0;0:14:11;18,3
4/09/2024 2:00;0;0:14:11;17,5
4/09/2024 3:00;0;0:14:11;16,7
4/09/2024 4:00;0;0:14:11;16,3
4/09/2024 5:00;0;0:14:11;16
4/09/2024 6:00;0;0:14:11;15,8
4/09/2024 7:00;0;0:14:11;15,9
4/09/2024 8:00;0;0:14:11;16,4
4/09/2024 9:00;8;0:14:11;16,8
4/09/2024 10:00;67;0:14:11;17,3
4/09/2024 11:00;30;0:14:11;18,2
4/09/2024 12:00;40;0:14:11;19,3
4/09/2024 13:00;45;0:14:11;19,7
4/09/2024 14:00;26;0:14:11;20,4
4/09/2024 15:00;44;0:14:11;20,6
4/09/2024 16:00;44;0:14:11;20,7
4/09/2024 17:00;25;0:14:11;20,8
4/09/2024 18:00;6;0:14:11;20,2
4/09/2024 19:00;0;0:14:11;19,9
4/09/2024 20:00;0;0:14:11;19,1
4/09/2024 21:00;0;0:14:11;18,5
4/09/2024 22:00;0;0:14:11;18,5
4/09/2024 23:00;0;0:14:11;18,2
5/09/2024 0:00;0;0:14:49;18,1
5/09/2024 1:00;0;0:14:49;17,6
5/09/2024 2:00;0;0:14:49;16,9
5/09/2024 3:00;0;0:14:49;16,6
5/09/2024 4:00;0;0:14:49;16,2
5/09/2024 5:00;0;0:14:49;16,1
5/09/2024 6:00;0;0:14:49;16,1
5/09/2024 7:00;0;0:14:49;16,4
5/09/2024 8:00;0;0:14:49;16,9
5/09/2024 9:00;2;0:14:49;17,1
5/09/2024 10:00;9;0:14:49;17,6
5/09/2024 11:00;34;0:14:49;18,4
5/09/2024 12:00;47;0:14:49;19,3
5/09/2024 13:00;38;0:14:49;20,2
5/09/2024 14:00;28;0:14:49;21
5/09/2024 15:00;35;0:14:49;22,8
5/09/2024 16:00;35;0:14:49;22,2
5/09/2024 17:00;57;0:14:49;23,4
5/09/2024 18:00;6;0:14:49;25
5/09/2024 19:00;0;0:14:49;22,9
5/09/2024 20:00;0;0:14:49;21,9
5/09/2024 21:00;0;0:14:49;21
5/09/2024 22:00;0;0:14:49;19,9
5/09/2024 23:00;0;0:14:49;19,7
6/09/2024 0:00;0;0:14:46;18,8
6/09/2024 1:00;0;0:14:46;19
6/09/2024 2:00;0;0:14:46;18,4
6/09/2024 3:00;0;0:14:46;18,5
6/09/2024 4:00;0;0:14:46;18,2
6/09/2024 5:00;0;0:14:46;18,2
6/09/2024 6:00;0;0:14:46;18,3
6/09/2024 7:00;0;0:14:46;18,4
6/09/2024 8:00;0;0:14:46;18,7
6/09/2024 9:00;16;0:14:46;19
6/09/2024 10:00;18;0:14:46;19,1
6/09/2024 11:00;33;0:14:46;18,8
6/09/2024 12:00;29;0:14:46;18,9
6/09/2024 13:00;30;0:14:46;19,1
6/09/2024 14:00;40;0:14:46;19,2
6/09/2024 15:00;42;0:14:46;19
6/09/2024 16:00;40;0:14:46;19
6/09/2024 17:00;17;0:14:46;18,9
6/09/2024 18:00;5;0:14:46;18,9
6/09/2024 19:00;0;0:14:46;18,6
6/09/2024 20:00;0;0:14:46;18
6/09/2024 21:00;0;0:14:46;17,8
6/09/2024 22:00;0;0:14:46;17,6
6/09/2024 23:00;0;0:14:46;17,2
7/09/2024 0:00;0;0:21:53;16,8
7/09/2024 1:00;0;0:21:53;16,8
7/09/2024 2:00;0;0:21:53;16,6
7/09/2024 3:00;0;0:21:53;16,6
7/09/2024 4:00;0;0:21:53;15,7
7/09/2024 5:00;0;0:21:53;15,1
7/09/2024 6:00;0;0:21:53;14,5
7/09/2024 7:00;0;0:21:53;14,6
7/09/2024 8:00;0;0:21:53;15,4
7/09/2024 9:00;4;0:21:53;16,7
7/09/2024 10:00;47;0:21:53;19
7/09/2024 11:00;72;0:21:53;21,4
7/09/2024 12:00;75;0:21:53;23
7/09/2024 13:00;85;0:21:53;24
7/09/2024 14:00;116;0:21:53;25,6
7/09/2024 15:00;83;0:21:53;26,6
7/09/2024 16:00;113;0:21:53;26,7
7/09/2024 17:00;100;0:21:53;26,1
7/09/2024 18:00;4;0:21:53;25,8
7/09/2024 19:00;0;0:21:53;24,6
7/09/2024 20:00;0;0:21:53;23,4
7/09/2024 21:00;0;0:21:53;22,7
7/09/2024 22:00;0;0:21:53;21,7
7/09/2024 23:00;0;0:21:53;20,3
8/09/2024 0:00;0;0:16:32;19,7
8/09/2024 1:00;0;0:16:32;19,4
8/09/2024 2:00;0;0:16:32;18,7
8/09/2024 3:00;0;0:16:32;18,3
8/09/2024 4:00;0;0:16:32;17,8
8/09/2024 5:00;0;0:16:32;17,3
8/09/2024 6:00;0;0:16:32;16,6
8/09/2024 7:00;0;0:16:32;15,7
8/09/2024 8:00;0;0:16:32;16
8/09/2024 9:00;0;0:16:32;17,1
8/09/2024 10:00;0;0:16:32;18,2
8/09/2024 11:00;3;0:16:32;19,2
8/09/2024 12:00;26;0:16:32;19,9
8/09/2024 13:00;30;0:16:32;20,3
8/09/2024 14:00;24;0:16:32;21,4
8/09/2024 15:00;32;0:16:32;21,6
8/09/2024 16:00;21;0:16:32;21,1
8/09/2024 17:00;21;0:16:32;20,9
8/09/2024 18:00;7;0:16:32;20,9
8/09/2024 19:00;0;0:16:32;19,9
8/09/2024 20:00;0;0:16:32;18,3
8/09/2024 21:00;0;0:16:32;17,3
8/09/2024 22:00;0;0:16:32;17,2
8/09/2024 23:00;0;0:16:32;17,3
9/09/2024 0:00;0;0:18:41;16,8
9/09/2024 1:00;0;0:18:41;16,1
9/09/2024 2:00;0;0:18:41;16
9/09/2024 3:00;0;0:18:41;15,7
9/09/2024 4:00;0;0:18:41;15,4
9/09/2024 5:00;0;0:18:41;15,1
9/09/2024 6:00;0;0:18:41;14,8
9/09/2024 7:00;0;0:18:41;14,9
9/09/2024 8:00;0;0:18:41;15,4
9/09/2024 9:00;2;0:18:41;15,7
9/09/2024 10:00;39;0:18:41;16,3
9/09/2024 11:00;37;0:18:41;17,5
9/09/2024 12:00;19;0:18:41;18,5
9/09/2024 13:00;38;0:18:41;19,4
9/09/2024 14:00;38;0:18:41;20,1
9/09/2024 15:00;20;0:18:41;20,3
9/09/2024 16:00;44;0:18:41;19,9
9/09/2024 17:00;33;0:18:41;19,6
9/09/2024 18:00;4;0:18:41;18,1
9/09/2024 19:00;0;0:18:41;16,8
9/09/2024 20:00;0;0:18:41;16,3
9/09/2024 21:00;0;0:18:41;15,6
9/09/2024 22:00;0;0:18:41;15,3
9/09/2024 23:00;0;0:18:41;15,1
10/09/2024 0:00;0;0:18:15;14,9
10/09/2024 1:00;0;0:18:15;14,5
10/09/2024 2:00;0;0:18:15;14,2
10/09/2024 3:00;0;0:18:15;13,6
10/09/2024 4:00;0;0:18:15;13,4
10/09/2024 5:00;0;0:18:15;12,9
10/09/2024 6:00;0;0:18:15;12,8
10/09/2024 7:00;0;0:18:15;12,7
10/09/2024 8:00;0;0:18:15;13,3
10/09/2024 9:00;6;0:18:15;14,6
10/09/2024 10:00;12;0:18:15;15,5
10/09/2024 11:00;14;0:18:15;16,3
10/09/2024 12:00;21;0:18:15;16,8
10/09/2024 13:00;32;0:18:15;17,2
10/09/2024 14:00;50;0:18:15;16,8
10/09/2024 15:00;30;0:18:15;15,7
10/09/2024 16:00;35;0:18:15;15,3
10/09/2024 17:00;17;0:18:15;15,5
10/09/2024 18:00;1;0:18:15;15,1
10/09/2024 19:00;0;0:18:15;15
10/09/2024 20:00;0;0:18:15;15
10/09/2024 21:00;0;0:18:15;14,7
10/09/2024 22:00;0;0:18:15;14,5
10/09/2024 23:00;0;0:18:15;14,4
11/09/2024 0:00;0;0:18:36;14,3
11/09/2024 1:00;0;0:18:36;13,9
11/09/2024 2:00;0;0:18:36;11,6
11/09/2024 3:00;0;0:18:36;11,1
11/09/2024 4:00;0;0:18:36;11,1
11/09/2024 5:00;0;0:18:36;10,5
11/09/2024 6:00;0;0:18:36;10,3
11/09/2024 7:00;0;0:18:36;10,3
11/09/2024 8:00;0;0:18:36;10,9
11/09/2024 9:00;5;0:18:36;11,8
11/09/2024 10:00;20;0:18:36;12,8
11/09/2024 11:00;30;0:18:36;13,4
11/09/2024 12:00;30;0:18:36;14,3
11/09/2024 13:00;43;0:18:36;14,2
11/09/2024 14:00;48;0:18:36;14,8
11/09/2024 15:00;49;0:18:36;15,4
11/09/2024 16:00;43;0:18:36;14,4
11/09/2024 17:00;33;0:18:36;13,5
11/09/2024 18:00;8;0:18:36;11,7
11/09/2024 19:00;0;0:18:36;11,2
11/09/2024 20:00;0;0:18:36;10,4
11/09/2024 21:00;0;0:18:36;9,8
11/09/2024 22:00;0;0:18:36;9,7
11/09/2024 23:00;0;0:18:36;9,5
12/09/2024 0:00;0;0:16:50;9,5
12/09/2024 1:00;0;0:16:50;9,2
12/09/2024 2:00;0;0:16:50;9
12/09/2024 3:00;0;0:16:50;8,9
12/09/2024 4:00;0;0:16:50;8,8
12/09/2024 5:00;0;0:16:50;8,4
12/09/2024 6:00;0;0:16:50;8
12/09/2024 7:00;0;0:16:50;7,7
12/09/2024 8:00;0;0:16:50;8,6
12/09/2024 9:00;7;0:16:50;10,2
12/09/2024 10:00;24;0:16:50;11,7
12/09/2024 11:00;30;0:16:50;12
12/09/2024 12:00;30;0:16:50;12,1
12/09/2024 13:00;39;0:16:50;13,4
12/09/2024 14:00;43;0:16:50;13,9
12/09/2024 15:00;29;0:16:50;13,6
12/09/2024 16:00;32;0:16:50;13
12/09/2024 17:00;39;0:16:50;13,5
12/09/2024 18:00;11;0:16:50;12,2
12/09/2024 19:00;0;0:16:50;11,6
12/09/2024 20:00;0;0:16:50;10,5
12/09/2024 21:00;0;0:16:50;9,1
12/09/2024 22:00;0;0:16:50;8,4
12/09/2024 23:00;0;0:16:50;8
13/09/2024 0:00;0;0:16:23;7,6
13/09/2024 1:00;0;0:16:23;7,4
13/09/2024 2:00;0;0:16:23;7,4
13/09/2024 3:00;0;0:16:23;6,9
13/09/2024 4:00;0;0:16:23;7
13/09/2024 5:00;0;0:16:23;6,9
13/09/2024 6:00;0;0:16:23;6,1
13/09/2024 7:00;0;0:16:23;6,2
13/09/2024 8:00;0;0:16:23;8,2
13/09/2024 9:00;10;0:16:23;11,5
13/09/2024 10:00;44;0:16:23;14
13/09/2024 11:00;25;0:16:23;15,6
13/09/2024 12:00;28;0:16:23;15,4
13/09/2024 13:00;36;0:16:23;15,6
13/09/2024 14:00;38;0:16:23;15,1
13/09/2024 15:00;48;0:16:23;14,9
13/09/2024 16:00;31;0:16:23;15,2
13/09/2024 17:00;47;0:16:23;15,1
13/09/2024 18:00;7;0:16:23;14,9
13/09/2024 19:00;0;0:16:23;14,2
13/09/2024 20:00;0;0:16:23;13,3
13/09/2024 21:00;0;0:16:23;11,5
13/09/2024 22:00;0;0:16:23;10,1
13/09/2024 23:00;0;0:16:23;9,6
14/09/2024 0:00;0;0:21:36;8,8
14/09/2024 1:00;0;0:21:36;8,7
14/09/2024 2:00;0;0:21:36;8,8
14/09/2024 3:00;0;0:21:36;9,4
14/09/2024 4:00;0;0:21:36;10,1
14/09/2024 5:00;0;0:21:36;9,2
14/09/2024 6:00;0;0:21:36;8,6
14/09/2024 7:00;0;0:21:36;7,8
14/09/2024 8:00;0;0:21:36;9,8
14/09/2024 9:00;3;0:21:36;12,4
14/09/2024 10:00;42;0:21:36;14,7
14/09/2024 11:00;53;0:21:36;15,7
14/09/2024 12:00;73;0:21:36;16,5
14/09/2024 13:00;89;0:21:36;16,6
14/09/2024 14:00;130;0:21:36;17,1
14/09/2024 15:00;150;0:21:36;16,8
14/09/2024 16:00;130;0:21:36;17
14/09/2024 17:00;95;0:21:36;16,9
14/09/2024 18:00;7;0:21:36;16,3
14/09/2024 19:00;0;0:21:36;15,1
14/09/2024 20:00;0;0:21:36;12,7
14/09/2024 21:00;0;0:21:36;10,9
14/09/2024 22:00;0;0:21:36;9,9
14/09/2024 23:00;0;0:21:36;9,2
15/09/2024 0:00;0;0:16:04;8,9
15/09/2024 1:00;0;0:16:04;8,6
15/09/2024 2:00;0;0:16:04;8
15/09/2024 3:00;0;0:16:04;8
15/09/2024 4:00;0;0:16:04;7,5
15/09/2024 5:00;0;0:16:04;6,6
15/09/2024 6:00;0;0:16:04;7,9
15/09/2024 7:00;0;0:16:04;7,9
15/09/2024 8:00;0;0:16:04;9,5
15/09/2024 9:00;0;0:16:04;11,9
15/09/2024 10:00;0;0:16:04;14,6
15/09/2024 11:00;10;0:16:04;16,5
15/09/2024 12:00;8;0:16:04;17,6
15/09/2024 13:00;36;0:16:04;18,3
15/09/2024 14:00;33;0:16:04;19
15/09/2024 15:00;24;0:16:04;19,8
15/09/2024 16:00;20;0:16:04;19,6
15/09/2024 17:00;21;0:16:04;19,5
15/09/2024 18:00;4;0:16:04;18,6
15/09/2024 19:00;0;0:16:04;16,3
15/09/2024 20:00;0;0:16:04;14,6
15/09/2024 21:00;0;0:16:04;13,9
15/09/2024 22:00;0;0:16:04;13,5
15/09/2024 23:00;0;0:16:04;13,3
16/09/2024 0:00;0;0:14:39;13,2
16/09/2024 1:00;0;0:14:39;12,8
16/09/2024 2:00;0;0:14:39;12,3
16/09/2024 3:00;0;0:14:39;12
16/09/2024 4:00;0;0:14:39;11,9
16/09/2024 5:00;0;0:14:39;11,6
16/09/2024 6:00;0;0:14:39;11,9
16/09/2024 7:00;0;0:14:39;11,7
16/09/2024 8:00;0;0:14:39;12,8
16/09/2024 9:00;6;0:14:39;14,1
16/09/2024 10:00;33;0:14:39;15,3
16/09/2024 11:00;19;0:14:39;16,6
16/09/2024 12:00;30;0:14:39;17,5
16/09/2024 13:00;41;0:14:39;18,4
16/09/2024 14:00;39;0:14:39;19,4
16/09/2024 15:00;36;0:14:39;20,1
16/09/2024 16:00;25;0:14:39;19,6
16/09/2024 17:00;32;0:14:39;18,9
16/09/2024 18:00;7;0:14:39;18,3
16/09/2024 19:00;0;0:14:39;17,6
16/09/2024 20:00;0;0:14:39;16,6
16/09/2024 21:00;0;0:14:39;15,8
16/09/2024 22:00;0;0:14:39;14,8
16/09/2024 23:00;0;0:14:39;14,1
17/09/2024 0:00;0;0:13:19;13,4
17/09/2024 1:00;0;0:13:19;13
17/09/2024 2:00;0;0:13:19;12,4
17/09/2024 3:00;0;0:13:19;12,7
17/09/2024 4:00;0;0:13:19;12,7
17/09/2024 5:00;0;0:13:19;13
17/09/2024 6:00;0;0:13:19;13,2
17/09/2024 7:00;0;0:13:19;13,9
17/09/2024 8:00;0;0:13:19;14,4
17/09/2024 9:00;2;0:13:19;15,2
17/09/2024 10:00;22;0:13:19;16,7
17/09/2024 11:00;30;0:13:19;18,5
17/09/2024 12:00;35;0:13:19;19,2
17/09/2024 13:00;25;0:13:19;19,7
17/09/2024 14:00;23;0:13:19;20,7
17/09/2024 15:00;25;0:13:19;20,7
17/09/2024 16:00;27;0:13:19;20,9
17/09/2024 17:00;32;0:13:19;20,7
17/09/2024 18:00;5;0:13:19;19,8
17/09/2024 19:00;0;0:13:19;18,5
17/09/2024 20:00;0;0:13:19;17,1
17/09/2024 21:00;0;0:13:19;16,5
17/09/2024 22:00;0;0:13:19;15,7
17/09/2024 23:00;0;0:13:19;15,3
18/09/2024 0:00;0;0:18:46;14,8
18/09/2024 1:00;0;0:18:46;14,2
18/09/2024 2:00;0;0:18:46;13,7
18/09/2024 3:00;0;0:18:46;13,6
18/09/2024 4:00;0;0:18:46;13,5
18/09/2024 5:00;0;0:18:46;13,4
18/09/2024 6:00;0;0:18:46;13,6
18/09/2024 7:00;0;0:18:46;13,9
18/09/2024 8:00;0;0:18:46;14,1
18/09/2024 9:00;6;0:18:46;14,6
18/09/2024 10:00;73;0:18:46;15
18/09/2024 11:00;20;0:18:46;15,9
18/09/2024 12:00;23;0:18:46;18
18/09/2024 13:00;35;0:18:46;20,6
18/09/2024 14:00;40;0:18:46;21,4
18/09/2024 15:00;29;0:18:46;22,1
18/09/2024 16:00;36;0:18:46;21,9
18/09/2024 17:00;34;0:18:46;22
18/09/2024 18:00;4;0:18:46;21,3
18/09/2024 19:00;0;0:18:46;20
18/09/2024 20:00;0;0:18:46;18,9
18/09/2024 21:00;0;0:18:46;18,1
18/09/2024 22:00;0;0:18:46;17,6
18/09/2024 23:00;0;0:18:46;16,9
19/09/2024 0:00;0;0:18:24;16,8
19/09/2024 1:00;0;0:18:24;16,1
19/09/2024 2:00;0;0:18:24;15,4
19/09/2024 3:00;0;0:18:24;15,4
19/09/2024 4:00;0;0:18:24;14,8
19/09/2024 5:00;0;0:18:24;14,7
19/09/2024 6:00;0;0:18:24;14,3
19/09/2024 7:00;0;0:18:24;14,1
19/09/2024 8:00;0;0:18:24;15,3
19/09/2024 9:00;5;0:18:24;16,7
19/09/2024 10:00;22;0:18:24;18,8
19/09/2024 11:00;19;0:18:24;20,8
19/09/2024 12:00;19;0:18:24;22,5
19/09/2024 13:00;27;0:18:24;23,3
19/09/2024 14:00;38;0:18:24;23,8
19/09/2024 15:00;40;0:18:24;24,2
19/09/2024 16:00;27;0:18:24;24,1
19/09/2024 17:00;22;0:18:24;23,5
19/09/2024 18:00;8;0:18:24;22,4
19/09/2024 19:00;0;0:18:24;21,1
19/09/2024 20:00;0;0:18:24;19,3
19/09/2024 21:00;0;0:18:24;18,4
19/09/2024 22:00;0;0:18:24;17,6
19/09/2024 23:00;0;0:18:24;16,6
20/09/2024 0:00;0;0:15:53;15,9
20/09/2024 1:00;0;0:15:53;15,3
20/09/2024 2:00;0;0:15:53;14,8
20/09/2024 3:00;0;0:15:53;14,5
20/09/2024 4:00;0;0:15:53;14,1
20/09/2024 5:00;0;0:15:53;13,9
20/09/2024 6:00;0;0:15:53;13,5
20/09/2024 7:00;0;0:15:53;13,2
20/09/2024 8:00;0;0:15:53;13,8
20/09/2024 9:00;4;0:15:53;15,2
20/09/2024 10:00;17;0:15:53;17,5
20/09/2024 11:00;39;0:15:53;19,6
20/09/2024 12:00;38;0:15:53;20,8
20/09/2024 13:00;51;0:15:53;22,5
20/09/2024 14:00;42;0:15:53;23,1
20/09/2024 15:00;31;0:15:53;23,5
20/09/2024 16:00;38;0:15:53;23,5
20/09/2024 17:00;36;0:15:53;23,4
20/09/2024 18:00;4;0:15:53;22,6
20/09/2024 19:00;0;0:15:53;20,7
20/09/2024 20:00;0;0:15:53;19
20/09/2024 21:00;0;0:15:53;18
20/09/2024 22:00;0;0:15:53;17,2
20/09/2024 23:00;0;0:15:53;16,2
21/09/2024 0:00;0;0:17:53;15,3
21/09/2024 1:00;0;0:17:53;14,7
21/09/2024 2:00;0;0:17:53;13,8
21/09/2024 3:00;0;0:17:53;13,5
21/09/2024 4:00;0;0:17:53;12,9
21/09/2024 5:00;0;0:17:53;13
21/09/2024 6:00;0;0:17:53;12,5
21/09/2024 7:00;0;0:17:53;12
21/09/2024 8:00;0;0:17:53;13,3
21/09/2024 9:00;3;0:17:53;16
21/09/2024 10:00;34;0:17:53;18,7
21/09/2024 11:00;61;0:17:53;21,8
21/09/2024 12:00;78;0:17:53;23,1
21/09/2024 13:00;103;0:17:53;23,7
21/09/2024 14:00;98;0:17:53;24,6
21/09/2024 15:00;130;0:17:53;24,8
21/09/2024 16:00;131;0:17:53;25
21/09/2024 17:00;59;0:17:53;24,6
21/09/2024 18:00;5;0:17:53;23,7
21/09/2024 19:00;0;0:17:53;20,9
21/09/2024 20:00;0;0:17:53;19,3
21/09/2024 21:00;0;0:17:53;17,8
21/09/2024 22:00;0;0:17:53;17,2
21/09/2024 23:00;0;0:17:53;17,1
22/09/2024 0:00;0;0:13:12;16,1
22/09/2024 1:00;0;0:13:12;15,4
22/09/2024 2:00;0;0:13:12;15
22/09/2024 3:00;0;0:13:12;14,4
22/09/2024 4:00;0;0:13:12;14,1
22/09/2024 5:00;0;0:13:12;14,2
22/09/2024 6:00;0;0:13:12;14
22/09/2024 7:00;0;0:13:12;14,5
22/09/2024 8:00;0;0:13:12;14,9
22/09/2024 9:00;0;0:13:12;16,7
22/09/2024 10:00;0;0:13:12;18,4
22/09/2024 11:00;2;0:13:12;19,5
22/09/2024 12:00;56;0:13:12;20,4
22/09/2024 13:00;54;0:13:12;20,5
22/09/2024 14:00;21;0:13:12;20,5
22/09/2024 15:00;33;0:13:12;20,7
22/09/2024 16:00;23;0:13:12;21,2
22/09/2024 17:00;37;0:13:12;21,2
22/09/2024 18:00;6;0:13:12;20,7
22/09/2024 19:00;0;0:13:12;19,6
22/09/2024 20:00;0;0:13:12;18,8
22/09/2024 21:00;0;0:13:12;18,8
22/09/2024 22:00;0;0:13:12;18,3
22/09/2024 23:00;0;0:13:12;16,7
23/09/2024 0:00;0;0:16:41;16,3
23/09/2024 1:00;0;0:16:41;16,2
23/09/2024 2:00;0;0:16:41;16,3
23/09/2024 3:00;0;0:16:41;16,1
23/09/2024 4:00;0;0:16:41;15,8
23/09/2024 5:00;0;0:16:41;16,1
23/09/2024 6:00;0;0:16:41;16,1
23/09/2024 7:00;0;0:16:41;16
23/09/2024 8:00;0;0:16:41;16
23/09/2024 9:00;5;0:16:41;16,8
23/09/2024 10:00;20;0:16:41;17,5
23/09/2024 11:00;21;0:16:41;18,2
23/09/2024 12:00;24;0:16:41;18,9
23/09/2024 13:00;15;0:16:41;19,5
23/09/2024 14:00;18;0:16:41;19,6
23/09/2024 15:00;35;0:16:41;19,9
23/09/2024 16:00;31;0:16:41;19,5
23/09/2024 17:00;16;0:16:41;18,8
23/09/2024 18:00;6;0:16:41;17,2
23/09/2024 19:00;0;0:16:41;16,9
23/09/2024 20:00;0;0:16:41;16
23/09/2024 21:00;0;0:16:41;15,2
23/09/2024 22:00;0;0:16:41;14
23/09/2024 23:00;0;0:16:41;13,6
24/09/2024 0:00;0;0:15:58;13
24/09/2024 1:00;0;0:15:58;12,9
24/09/2024 2:00;0;0:15:58;12,6
24/09/2024 3:00;0;0:15:58;12,3
24/09/2024 4:00;0;0:15:58;12,4
24/09/2024 5:00;0;0:15:58;12,2
24/09/2024 6:00;0;0:15:58;11,9
24/09/2024 7:00;0;0:15:58;12,5
24/09/2024 8:00;0;0:15:58;13
24/09/2024 9:00;3;0:15:58;14,3
24/09/2024 10:00;13;0:15:58;16,1
24/09/2024 11:00;22;0:15:58;16,9
24/09/2024 12:00;30;0:15:58;17,4
24/09/2024 13:00;7;0:15:58;17,4
24/09/2024 14:00;8;0:15:58;18,1
24/09/2024 15:00;28;0:15:58;17,7
24/09/2024 16:00;19;0:15:58;17,3
24/09/2024 17:00;42;0:15:58;16,5
24/09/2024 18:00;11;0:15:58;16,1
24/09/2024 19:00;0;0:15:58;15,7
24/09/2024 20:00;0;0:15:58;15,5
24/09/2024 21:00;0;0:15:58;15,3
24/09/2024 22:00;0;0:15:58;14,9
24/09/2024 23:00;0;0:15:58;14,8
25/09/2024 0:00;0;0:16:09;14,5
25/09/2024 1:00;0;0:16:09;14,4
25/09/2024 2:00;0;0:16:09;14,5
25/09/2024 3:00;0;0:16:09;14,5
25/09/2024 4:00;0;0:16:09;14,2
25/09/2024 5:00;0;0:16:09;14,1
25/09/2024 6:00;0;0:16:09;13,8
25/09/2024 7:00;0;0:16:09;13,6
25/09/2024 8:00;0;0:16:09;13,8
25/09/2024 9:00;43;0:16:09;14
25/09/2024 10:00;20;0:16:09;14,4
25/09/2024 11:00;16;0:16:09;15,1
25/09/2024 12:00;21;0:16:09;15,6
25/09/2024 13:00;21;0:16:09;16,7
25/09/2024 14:00;37;0:16:09;17,7
25/09/2024 15:00;42;0:16:09;18,3
25/09/2024 16:00;23;0:16:09;18,1
25/09/2024 17:00;31;0:16:09;17,6
25/09/2024 18:00;7;0:16:09;16,7
25/09/2024 19:00;0;0:16:09;16
25/09/2024 20:00;0;0:16:09;15,6
25/09/2024 21:00;0;0:16:09;15,1
25/09/2024 22:00;0;0:16:09;14,5
25/09/2024 23:00;0;0:16:09;14,1
26/09/2024 0:00;0;0:17:48;13,9
26/09/2024 1:00;0;0:17:48;14
26/09/2024 2:00;0;0:17:48;14,2
26/09/2024 3:00;0;0:17:48;14,8
26/09/2024 4:00;0;0:17:48;15
26/09/2024 5:00;0;0:17:48;14,9
26/09/2024 6:00;0;0:17:48;14,8
26/09/2024 7:00;0;0:17:48;14,7
26/09/2024 8:00;0;0:17:48;14,8
26/09/2024 9:00;3;0:17:48;15,4
26/09/2024 10:00;17;0:17:48;15,7
26/09/2024 11:00;19;0:17:48;16,7
26/09/2024 12:00;25;0:17:48;17,5
26/09/2024 13:00;41;0:17:48;18,3
26/09/2024 14:00;32;0:17:48;18,9
26/09/2024 15:00;39;0:17:48;19,7
26/09/2024 16:00;33;0:17:48;19,1
26/09/2024 17:00;21;0:17:48;18,4
26/09/2024 18:00;5;0:17:48;16
26/09/2024 19:00;0;0:17:48;14,4
26/09/2024 20:00;0;0:17:48;14,8
26/09/2024 21:00;0;0:17:48;14,9
26/09/2024 22:00;0;0:17:48;14,7
26/09/2024 23:00;0;0:17:48;14,5
27/09/2024 0:00;0;0:15:19;14,4
27/09/2024 1:00;0;0:15:19;13,9
27/09/2024 2:00;0;0:15:19;13,7
27/09/2024 3:00;0;0:15:19;13,2
27/09/2024 4:00;0;0:15:19;12,6
27/09/2024 5:00;0;0:15:19;12,6
27/09/2024 6:00;0;0:15:19;12,2
27/09/2024 7:00;0;0:15:19;12
27/09/2024 8:00;0;0:15:19;12,3
27/09/2024 9:00;3;0:15:19;13
27/09/2024 10:00;24;0:15:19;13,5
27/09/2024 11:00;46;0:15:19;13,8
27/09/2024 12:00;56;0:15:19;14,1
27/09/2024 13:00;36;0:15:19;14,3
27/09/2024 14:00;60;0:15:19;14,5
27/09/2024 15:00;53;0:15:19;14,4
27/09/2024 16:00;61;0:15:19;12,9
27/09/2024 17:00;18;0:15:19;12,3
27/09/2024 18:00;5;0:15:19;12,4
27/09/2024 19:00;0;0:15:19;12,4
27/09/2024 20:00;0;0:15:19;11,9
27/09/2024 21:00;0;0:15:19;11,9
27/09/2024 22:00;0;0:15:19;11,8
27/09/2024 23:00;0;0:15:19;11,1
28/09/2024 0:00;0;0:17:49;10,8
28/09/2024 1:00;0;0:17:49;10,7
28/09/2024 2:00;0;0:17:49;10,1
28/09/2024 3:00;0;0:17:49;9,4
28/09/2024 4:00;0;0:17:49;9,3
28/09/2024 5:00;0;0:17:49;9,4
28/09/2024 6:00;0;0:17:49;9,4
28/09/2024 7:00;0;0:17:49;9,3
28/09/2024 8:00;0;0:17:49;9
28/09/2024 9:00;1;0:17:49;9,7
28/09/2024 10:00;36;0:17:49;11
28/09/2024 11:00;74;0:17:49;11,5
28/09/2024 12:00;107;0:17:49;12,8
28/09/2024 13:00;120;0:17:49;12
28/09/2024 14:00;127;0:17:49;13,4
28/09/2024 15:00;86;0:17:49;13,2
28/09/2024 16:00;105;0:17:49;14
28/09/2024 17:00;84;0:17:49;14
28/09/2024 18:00;9;0:17:49;13,3
28/09/2024 19:00;0;0:17:49;11,8
28/09/2024 20:00;0;0:17:49;9,4
28/09/2024 21:00;0;0:17:49;8,3
28/09/2024 22:00;0;0:17:49;7,5
28/09/2024 23:00;0;0:17:49;7,1
29/09/2024 0:00;0;0:14:36;6,6
29/09/2024 1:00;0;0:14:36;5,9
29/09/2024 2:00;0;0:14:36;5,7
29/09/2024 3:00;0;0:14:36;5,8
29/09/2024 4:00;0;0:14:36;5,3
29/09/2024 5:00;0;0:14:36;5,1
29/09/2024 6:00;0;0:14:36;4,7
29/09/2024 7:00;0;0:14:36;4,7
29/09/2024 8:00;0;0:14:36;4,4
29/09/2024 9:00;0;0:14:36;7,1
29/09/2024 10:00;0;0:14:36;10,1
29/09/2024 11:00;3;0:14:36;12,1
29/09/2024 12:00;44;0:14:36;13,3
29/09/2024 13:00;40;0:14:36;13,3
29/09/2024 14:00;26;0:14:36;13,6
29/09/2024 15:00;46;0:14:36;13,9
29/09/2024 16:00;23;0:14:36;13,8
29/09/2024 17:00;40;0:14:36;14,2
29/09/2024 18:00;5;0:14:36;13,8
29/09/2024 19:00;0;0:14:36;12
29/09/2024 20:00;0;0:14:36;10,5
29/09/2024 21:00;0;0:14:36;10,1
29/09/2024 22:00;0;0:14:36;10
29/09/2024 23:00;0;0:14:36;9,7
30/09/2024 0:00;0;0:16:12;9,8
30/09/2024 1:00;0;0:16:12;9,4
30/09/2024 2:00;0;0:16:12;9,4
30/09/2024 3:00;0;0:16:12;9,5
30/09/2024 4:00;0;0:16:12;9,8
30/09/2024 5:00;0;0:16:12;10
30/09/2024 6:00;0;0:16:12;10
30/09/2024 7:00;0;0:16:12;10,3
30/09/2024 8:00;1;0:16:12;10,7
30/09/2024 9:00;2;0:16:12;11,4
30/09/2024 10:00;2;0:16:12;11,9
30/09/2024 11:00;6;0:16:12;12,3
30/09/2024 12:00;46;0:16:12;13,2
30/09/2024 13:00;47;0:16:12;13,6
30/09/2024 14:00;43;0:16:12;14,7
30/09/2024 15:00;52;0:16:12;16
30/09/2024 16:00;49;0:16:12;16,4
30/09/2024 17:00;13;0:16:12;16
30/09/2024 18:00;12;0:16:12;15,5
30/09/2024 19:00;0;0:16:12;15,2
30/09/2024 20:00;0;0:16:12;15
30/09/2024 21:00;0;0:16:12;14,9
30/09/2024 22:00;0;0:16:12;14,5
30/09/2024 23:00;0;0:16:12;14
1/10/2024 0:00;0;0:14:41;13,9
1/10/2024 1:00;0;0:14:41;13,9
1/10/2024 2:00;0;0:14:41;13,7
1/10/2024 3:00;0;0:14:41;13,6
1/10/2024 4:00;0;0:14:41;13,4
1/10/2024 5:00;0;0:14:41;12,8
1/10/2024 6:00;0;0:14:41;12,2
1/10/2024 7:00;0;0:14:41;12
1/10/2024 8:00;0;0:14:41;12
1/10/2024 9:00;8;0:14:41;12,2
1/10/2024 10:00;13;0:14:41;12,6
1/10/2024 11:00;13;0:14:41;13,1
1/10/2024 12:00;21;0:14:41;13,7
1/10/2024 13:00;29;0:14:41;14,3
1/10/2024 14:00;23;0:14:41;15
1/10/2024 15:00;23;0:14:41;15,1
1/10/2024 16:00;16;0:14:41;15,2
1/10/2024 17:00;12;0:14:41;15,2
1/10/2024 18:00;7;0:14:41;15,3
1/10/2024 19:00;0;0:14:41;14,5
1/10/2024 20:00;0;0:14:41;13,2
1/10/2024 21:00;0;0:14:41;11,8
1/10/2024 22:00;0;0:14:41;11,1
1/10/2024 23:00;0;0:14:41;10,8
2/10/2024 0:00;0;0:16:16;9,9
2/10/2024 1:00;0;0:16:16;9
2/10/2024 2:00;0;0:16:16;8,8
2/10/2024 3:00;0;0:16:16;8,2
2/10/2024 4:00;0;0:16:16;7,5
2/10/2024 5:00;0;0:16:16;7,1
2/10/2024 6:00;0;0:16:16;6,8
2/10/2024 7:00;0;0:16:16;6,5
2/10/2024 8:00;0;0:16:16;6,2
2/10/2024 9:00;12;0:16:16;8,6
2/10/2024 10:00;26;0:16:16;12,5
2/10/2024 11:00;41;0:16:16;13,6
2/10/2024 12:00;33;0:16:16;14,1
2/10/2024 13:00;25;0:16:16;13,9
2/10/2024 14:00;41;0:16:16;12,9
2/10/2024 15:00;47;0:16:16;12,6
2/10/2024 16:00;51;0:16:16;12,6
2/10/2024 17:00;20;0:16:16;12,4
2/10/2024 18:00;6;0:16:16;12
2/10/2024 19:00;0;0:16:16;11,8
2/10/2024 20:00;0;0:16:16;11,3
2/10/2024 21:00;0;0:16:16;11,2
2/10/2024 22:00;0;0:16:16;11,1
2/10/2024 23:00;0;0:16:16;11,1
3/10/2024 0:00;0;0:16:32;10,8
3/10/2024 1:00;0;0:16:32;10,6
3/10/2024 2:00;0;0:16:32;10
3/10/2024 3:00;0;0:16:32;9,2
3/10/2024 4:00;0;0:16:32;8,2
3/10/2024 5:00;0;0:16:32;7,7
3/10/2024 6:00;0;0:16:32;7,3
3/10/2024 7:00;0;0:16:32;6,8
3/10/2024 8:00;0;0:16:32;6,6
3/10/2024 9:00;7;0:16:32;7,9
3/10/2024 10:00;11;0:16:32;10,1
3/10/2024 11:00;14;0:16:32;11,8
3/10/2024 12:00;28;0:16:32;13,2
3/10/2024 13:00;33;0:16:32;13,9
3/10/2024 14:00;33;0:16:32;13,8
3/10/2024 15:00;24;0:16:32;14,3
3/10/2024 16:00;31;0:16:32;14,6
3/10/2024 17:00;32;0:16:32;14,1
3/10/2024 18:00;11;0:16:32;13,3
3/10/2024 19:00;0;0:16:32;11,9
3/10/2024 20:00;0;0:16:32;10,9
3/10/2024 21:00;0;0:16:32;9,9
3/10/2024 22:00;0;0:16:32;9,9
3/10/2024 23:00;0;0:16:32;9,1
4/10/2024 0:00;0;0:14:20;9,1
4/10/2024 1:00;0;0:14:20;8,8
4/10/2024 2:00;0;0:14:20;8,3
4/10/2024 3:00;0;0:14:20;7,4
4/10/2024 4:00;0;0:14:20;6,3
4/10/2024 5:00;0;0:14:20;6
4/10/2024 6:00;0;0:14:20;5,5
4/10/2024 7:00;0;0:14:20;4,9
4/10/2024 8:00;0;0:14:20;6,2
4/10/2024 9:00;3;0:14:20;8
4/10/2024 10:00;47;0:14:20;10,5
4/10/2024 11:00;41;0:14:20;12,4
4/10/2024 12:00;45;0:14:20;13,9
4/10/2024 13:00;57;0:14:20;14,2
4/10/2024 14:00;75;0:14:20;14,9
4/10/2024 15:00;69;0:14:20;15,1
4/10/2024 16:00;57;0:14:20;15,1
4/10/2024 17:00;49;0:14:20;14,8
4/10/2024 18:00;8;0:14:20;13,7
4/10/2024 19:00;0;0:14:20;12
4/10/2024 20:00;0;0:14:20;10,3
4/10/2024 21:00;0;0:14:20;8,9
4/10/2024 22:00;0;0:14:20;8,2
4/10/2024 23:00;0;0:14:20;8
5/10/2024 0:00;0;0:19:55;7,2
5/10/2024 1:00;0;0:19:55;6,4
5/10/2024 2:00;0;0:19:55;5,7
5/10/2024 3:00;0;0:19:55;5,4
5/10/2024 4:00;0;0:19:55;5,3
5/10/2024 5:00;0;0:19:55;4,3
5/10/2024 6:00;0;0:19:55;4,4
5/10/2024 7:00;0;0:19:55;3,9
5/10/2024 8:00;0;0:19:55;4,8
5/10/2024 9:00;4;0:19:55;7,9
5/10/2024 10:00;67;0:19:55;10,2
5/10/2024 11:00;109;0:19:55;12,7
5/10/2024 12:00;104;0:19:55;14,3
5/10/2024 13:00;153;0:19:55;15,3
5/10/2024 14:00;146;0:19:55;15,7
5/10/2024 15:00;173;0:19:55;15,8
5/10/2024 16:00;130;0:19:55;15,9
5/10/2024 17:00;111;0:19:55;15,4
5/10/2024 18:00;8;0:19:55;14,2
5/10/2024 19:00;0;0:19:55;11,7
5/10/2024 20:00;0;0:19:55;10,6
5/10/2024 21:00;0;0:19:55;10,2
5/10/2024 22:00;0;0:19:55;8,5
5/10/2024 23:00;0;0:19:55;8,2
6/10/2024 0:00;0;0:17:59;7,2
6/10/2024 1:00;0;0:17:59;7,4
6/10/2024 2:00;0;0:17:59;6,8
6/10/2024 3:00;0;0:17:59;6,4
6/10/2024 4:00;0;0:17:59;6,7
6/10/2024 5:00;0;0:17:59;6,6
6/10/2024 6:00;0;0:17:59;6,6
6/10/2024 7:00;0;0:17:59;6,6
6/10/2024 8:00;0;0:17:59;6,7
6/10/2024 9:00;0;0:17:59;8
6/10/2024 10:00;0;0:17:59;9,3
6/10/2024 11:00;3;0:17:59;11,1
6/10/2024 12:00;98;0:17:59;13,7
6/10/2024 13:00;171;0:17:59;14,9
6/10/2024 14:00;159;0:17:59;16,3
6/10/2024 15:00;185;0:17:59;17
6/10/2024 16:00;120;0:17:59;16,8
6/10/2024 17:00;67;0:17:59;16,2
6/10/2024 18:00;6;0:17:59;15,1
6/10/2024 19:00;0;0:17:59;14,1
6/10/2024 20:00;0;0:17:59;13,3
6/10/2024 21:00;0;0:17:59;13,3
6/10/2024 22:00;0;0:17:59;13,7
6/10/2024 23:00;0;0:17:59;14
7/10/2024 0:00;0;0:16:38;14
7/10/2024 1:00;0;0:16:38;14,1
7/10/2024 2:00;0;0:16:38;15,5
7/10/2024 3:00;0;0:16:38;15,2
7/10/2024 4:00;0;0:16:38;14,4
7/10/2024 5:00;0;0:16:38;13,4
7/10/2024 6:00;0;0:16:38;12,6
7/10/2024 7:00;0;0:16:38;12,3
7/10/2024 8:00;0;0:16:38;12,6
7/10/2024 9:00;12;0:16:38;13,9
7/10/2024 10:00;23;0:16:38;15,1
7/10/2024 11:00;48;0:16:38;16,4
7/10/2024 12:00;34;0:16:38;17,6
7/10/2024 13:00;64;0:16:38;18,1
7/10/2024 14:00;38;0:16:38;18,7
7/10/2024 15:00;44;0:16:38;19,2
7/10/2024 16:00;60;0:16:38;18,9
7/10/2024 17:00;14;0:16:38;18,2
7/10/2024 18:00;7;0:16:38;17,3
7/10/2024 19:00;0;0:16:38;16,1
7/10/2024 20:00;0;0:16:38;15,4
7/10/2024 21:00;0;0:16:38;15,3
7/10/2024 22:00;0;0:16:38;15,2
7/10/2024 23:00;0;0:16:38;15,1
8/10/2024 0:00;0;0:14:08;15,3
8/10/2024 1:00;0;0:14:08;15,6
8/10/2024 2:00;0;0:14:08;15,6
8/10/2024 3:00;0;0:14:08;15,9
8/10/2024 4:00;0;0:14:08;16
8/10/2024 5:00;0;0:14:08;15,6
8/10/2024 6:00;0;0:14:08;15,2
8/10/2024 7:00;0;0:14:08;14,7
8/10/2024 8:00;0;0:14:08;14,5
8/10/2024 9:00;7;0:14:08;15
8/10/2024 10:00;15;0:14:08;16,3
8/10/2024 11:00;13;0:14:08;17,5
8/10/2024 12:00;25;0:14:08;17,9
8/10/2024 13:00;35;0:14:08;18,2
8/10/2024 14:00;22;0:14:08;18,1
8/10/2024 15:00;36;0:14:08;18,4
8/10/2024 16:00;33;0:14:08;18,7
8/10/2024 17:00;20;0:14:08;18,4
8/10/2024 18:00;9;0:14:08;17,6
8/10/2024 19:00;0;0:14:08;16,4
8/10/2024 20:00;0;0:14:08;15,7
8/10/2024 21:00;0;0:14:08;15,5
8/10/2024 22:00;0;0:14:08;15,5
8/10/2024 23:00;0;0:14:08;15,2
9/10/2024 0:00;0;0:14:58;15,3
9/10/2024 1:00;0;0:14:58;14,7
9/10/2024 2:00;0;0:14:58;14,5
9/10/2024 3:00;0;0:14:58;14,4
9/10/2024 4:00;0;0:14:58;14,5
9/10/2024 5:00;0;0:14:58;14,7
9/10/2024 6:00;0;0:14:58;14,7
9/10/2024 7:00;0;0:14:58;14,6
9/10/2024 8:00;0;0:14:58;14,6
9/10/2024 9:00;7;0:14:58;14,9
9/10/2024 10:00;29;0:14:58;15,6
9/10/2024 11:00;6;0:14:58;15,6
9/10/2024 12:00;30;0:14:58;15,9
9/10/2024 13:00;14;0:14:58;15,4
9/10/2024 14:00;33;0:14:58;15
9/10/2024 15:00;34;0:14:58;14,9
9/10/2024 16:00;16;0:14:58;14,6
9/10/2024 17:00;19;0:14:58;14,2
9/10/2024 18:00;3;0:14:58;14,1
9/10/2024 19:00;0;0:14:58;13,6
9/10/2024 20:00;0;0:14:58;13,3
9/10/2024 21:00;0;0:14:58;13,3
9/10/2024 22:00;0;0:14:58;13,1
9/10/2024 23:00;0;0:14:58;13,1
10/10/2024 0:00;0;0:17:38;13
10/10/2024 1:00;0;0:17:38;13,1
10/10/2024 2:00;0;0:17:38;13
10/10/2024 3:00;0;0:17:38;13,1
10/10/2024 4:00;0;0:17:38;12,8
10/10/2024 5:00;0;0:17:38;12,6
10/10/2024 6:00;0;0:17:38;12,8
10/10/2024 7:00;0;0:17:38;12,8
10/10/2024 8:00;0;0:17:38;12,7
10/10/2024 9:00;0;0:17:38;12,6
10/10/2024 10:00;16;0:17:38;13,1
10/10/2024 11:00;13;0:17:38;13,8
10/10/2024 12:00;21;0:17:38;14
10/10/2024 13:00;19;0:17:38;14,4
10/10/2024 14:00;19;0:17:38;14,1
10/10/2024 15:00;20;0:17:38;13,8
10/10/2024 16:00;28;0:17:38;13,5
10/10/2024 17:00;19;0:17:38;12,7
10/10/2024 18:00;12;0:17:38;12
10/10/2024 19:00;0;0:17:38;11,4
10/10/2024 20:00;0;0:17:38;10,8
10/10/2024 21:00;0;0:17:38;10,4
10/10/2024 22:00;0;0:17:38;9,8
10/10/2024 23:00;0;0:17:38;9,4
11/10/2024 0:00;0;0:17:56;9,3
11/10/2024 1:00;0;0:17:56;8,9
11/10/2024 2:00;0;0:17:56;9
11/10/2024 3:00;0;0:17:56;8,9
11/10/2024 4:00;0;0:17:56;8,7
11/10/2024 5:00;0;0:17:56;8,3
11/10/2024 6:00;0;0:17:56;8
11/10/2024 7:00;0;0:17:56;7,4
11/10/2024 8:00;0;0:17:56;7,6
11/10/2024 9:00;7;0:17:56;8,7
11/10/2024 10:00;16;0:17:56;10,6
11/10/2024 11:00;36;0:17:56;12
11/10/2024 12:00;34;0:17:56;12,6
11/10/2024 13:00;45;0:17:56;12,3
11/10/2024 14:00;50;0:17:56;12,8
11/10/2024 15:00;45;0:17:56;12,8
11/10/2024 16:00;35;0:17:56;13
11/10/2024 17:00;23;0:17:56;12,8
11/10/2024 18:00;3;0:17:56;11,1
11/10/2024 19:00;0;0:17:56;8,8
11/10/2024 20:00;0;0:17:56;7,5
11/10/2024 21:00;0;0:17:56;6,8
11/10/2024 22:00;0;0:17:56;6
11/10/2024 23:00;0;0:17:56;5,7
12/10/2024 0:00;0;0:17:18;4,9
12/10/2024 1:00;0;0:17:18;5,1
12/10/2024 2:00;0;0:17:18;5
12/10/2024 3:00;0;0:17:18;4,9
12/10/2024 4:00;0;0:17:18;4,9
12/10/2024 5:00;0;0:17:18;4,8
12/10/2024 6:00;0;0:17:18;5
12/10/2024 7:00;0;0:17:18;5,4
12/10/2024 8:00;0;0:17:18;5,5
12/10/2024 9:00;9;0:17:18;6,2
12/10/2024 10:00;67;0:17:18;7,4
12/10/2024 11:00;92;0:17:18;8,5
12/10/2024 12:00;90;0:17:18;10,4
12/10/2024 13:00;96;0:17:18;11,4
12/10/2024 14:00;150;0:17:18;12,5
12/10/2024 15:00;147;0:17:18;13
12/10/2024 16:00;142;0:17:18;12,9
12/10/2024 17:00;98;0:17:18;12,7
12/10/2024 18:00;8;0:17:18;12,2
12/10/2024 19:00;0;0:17:18;11,8
12/10/2024 20:00;0;0:17:18;11,8
12/10/2024 21:00;0;0:17:18;11,8
12/10/2024 22:00;0;0:17:18;11,6
12/10/2024 23:00;0;0:17:18;11,6
13/10/2024 0:00;0;0:22:05;11,7
13/10/2024 1:00;0;0:22:05;11,5
13/10/2024 2:00;0;0:22:05;10,9
13/10/2024 3:00;0;0:22:05;10,5
13/10/2024 4:00;0;0:22:05;9,6
13/10/2024 5:00;0;0:22:05;8,9
13/10/2024 6:00;0;0:22:05;8,5
13/10/2024 7:00;0;0:22:05;8,1
13/10/2024 8:00;0;0:22:05;8
13/10/2024 9:00;0;0:22:05;8,4
13/10/2024 10:00;0;0:22:05;9,7
13/10/2024 11:00;5;0:22:05;11,1
13/10/2024 12:00;17;0:22:05;11,9
13/10/2024 13:00;35;0:22:05;11,9
13/10/2024 14:00;42;0:22:05;11,8
13/10/2024 15:00;53;0:22:05;11,8
13/10/2024 16:00;32;0:22:05;12,2
13/10/2024 17:00;6;0:22:05;12,4
13/10/2024 18:00;7;0:22:05;11,1
13/10/2024 19:00;0;0:22:05;9,2
13/10/2024 20:00;0;0:22:05;8,2
13/10/2024 21:00;0;0:22:05;7,8
13/10/2024 22:00;0;0:00:00;7,6
13/10/2024 23:00;;;
